"subreddit";"date";"title";"cleaned";"sentiment_vader_comp";"sentiment_final";"subjectivity";"subjectivity_label";"emojis";"emoji_count";"entities";"topic_tags";"upvotes";"image_urls";"title_length";"capslock_ratio"
"wallstreetbets";"2021-01-06";"How I feel dumping $40k more into GME shares this morning... 💎✋ 🚀🚀🚀";"how i feel dumping 40k more into gme shares this morning";"0.9632";"0.9632";"0.5";"opinionated";"💎✋🚀🚀🚀";"5";"";"";"";"https://web.archive.org/web/20210106002033im_/https://preview.redd.it/ewongyj50j961.jpg?width=640&crop=smart&auto=webp&s=51b5bbc835316fc22128959c51adfb285b1ee753";"56";"0.07462686567164178"
"wallstreetbets";"2021-01-13";"$GME Autists preparing to break the $20.25 ceiling";"gme autists preparing to break the 2025 ceiling";"0.4995";"0.4995";"0.0";"opinionated";"";"0";"";"apes/community";"";"";"47";"0.08"
"wallstreetbets";"2021-01-14";"GME YOLO update — Jan 13 2021";"gme yolo update  jan 13 2021";"0.7555";"0.7555";"0.0";"opinionated";"";"0";"gme yolo update  ";"meme stocks";"";"https://web.archive.org/web/20210114041032im_/https://preview.redd.it/1hw6ljgfz5b61.png?width=640&crop=smart&auto=webp&s=a5377fcf2e0bf08450f7bc571507df3eda6a18e4";"28";"0.27586206896551724"
"wallstreetbets";"2021-01-14";"THX TO WSB AND GME I CAN FINALLY GIVE BACK TO MY 70 YEARS OLD DAD, I WILL BE HELPING TO PAY FOR HIS NEW ROOF, HE WAS SO SCARED OF NOT BEING ABLE TO PAY. I LOVE YOU WSB. REALLY! WE ARE GOING TO THE MOON 🚀🚀🚀🚀";"thx to wsb and gme i can finally give back to my 70 years old dad i will be helping to pay for his new roof he was so scared of not being able to pay i love you wsb really we are going to the moon";"0.9809";"1.0";"0.43993506493506496";"opinionated";"🚀🚀🚀🚀";"4";"";"apes/community";"";"https://web.archive.org/web/20210114041032im_/https://preview.redd.it/393eb4kcn4b61.jpg?width=640&crop=smart&auto=webp&s=7cad6fcacc1d854121fa88e437fd99677ac5044d";"196";"0.7184466019417476"
"wallstreetbets";"2021-01-15";"Watching everyone post millions in Gain Porn as I continue to hold my 15 GME shares.";"watching everyone post millions in gain porn as i continue to hold my 15 gme shares";"0.87";"0.87";"0.0";"opinionated";"";"0";"";"diamond hands";"";"";"83";"0.08333333333333333"
"wallstreetbets";"2021-01-15";"GME YOLO update — Jan 14 2021";"gme yolo update  jan 14 2021";"0.7555";"0.7555";"0.0";"opinionated";"";"0";"gme yolo update  ";"meme stocks";"";"https://web.archive.org/web/20210115025528im_/https://preview.redd.it/dxc04m314db61.png?width=640&crop=smart&auto=webp&s=8a1e19ca6257f639cbdf2d9f4aaaa1e5bfa2856b";"28";"0.27586206896551724"
"wallstreetbets";"2021-01-16";"GME Comrades! Prepare to receive your mission!";"gme comrades prepare to receive your mission";"0.5882";"0.5882";"0.0";"opinionated";"";"0";"gme";"";"";"https://web.archive.org/web/20210116012959im_/https://external-preview.redd.it/i2lvePGAxl-qiGkMQZmo7dSzwt28JzOyHlikgfIveeE.png?width=960&crop=smart&format=pjpg&auto=webp&s=0269528cbed2475e2ef1204f5db6b15433d34a00";"44";"0.10869565217391304"
"wallstreetbets";"2021-01-17";"Melvin Capital on Tuesday (forgive the watermarks for I am a meme apprentice)";"melvin capital on tuesday forgive the watermarks for i am a meme apprentice";"0.0258";"0.0258";"0.0";"factual";"";"0";"melvin capital";"hedge funds";"";"";"75";"0.05194805194805195"
"wallstreetbets";"2021-01-17";"GME - Option, Margin and Other Factors for Trading Next Week";"gme  option margin and other factors for trading next week";"0.4995";"0.4995";"0.1875";"opinionated";"";"0";"gme";"";"";"";"58";"0.16666666666666666"
"wallstreetbets";"2021-01-18";"(GME DD) One DD to rule them. One DD to find them. One DD to to bring them all and in the darkness bind them.";"gme dd one dd to rule them one dd to find them one dd to to bring them all and in the darkness bind them";"0.3034";"0.3034";"0.0";"factual";"";"0";"gme dd";"dd/analysis";"";"";"104";"0.12844036697247707"
"wallstreetbets";"2021-01-19";"For you GME autists that claim to have 💎🤲 that have been in this for a couple weeks or months...";"for you gme autists that claim to have  that have been in this for a couple weeks or months";"0.4995";"0.4995";"0.0";"opinionated";"💎🤲";"2";"";"apes/community, diamond hands";"";"https://web.archive.org/web/20210119023533im_/https://preview.redd.it/8hfps72rv5c61.jpg?width=640&crop=smart&auto=webp&s=f7df90ca351b00947319a72f50400447682615c5";"91";"0.041666666666666664"
"wallstreetbets";"2021-01-20";"GME YOLO update — Jan 19 2021";"gme yolo update  jan 19 2021";"0.7555";"0.7555";"0.0";"opinionated";"";"0";"gme yolo update  ";"meme stocks";"";"https://web.archive.org/web/20210120022523im_/https://preview.redd.it/y7v5vgx5tcc61.png?width=640&crop=smart&auto=webp&s=5094cb74c70486eeb45524aef7ca69189f28901d";"28";"0.27586206896551724"
"wallstreetbets";"2021-01-21";"GME now the top stonk on Robinhood. We have done it my brothers. 🚀🚀🚀🚀🌕";"gme now the top stonk on robinhood we have done it my brothers";"0.9736";"0.9736";"0.5";"opinionated";"🚀🚀🚀🚀🌕";"5";"gme";"robinhood";"";"https://web.archive.org/web/20210121013659im_/https://preview.redd.it/uwcdv4fm1kc61.jpg?width=640&crop=smart&auto=webp&s=525af34b2b921c12cfa05b819a83446a725743ec";"62";"0.07142857142857142"
"wallstreetbets";"2021-01-21";"GME Megathread - Lemon Party (keep your shitposting here)";"gme megathread  lemon party keep your shitposting here";"0.7125";"0.7125";"0.0";"opinionated";"";"0";"lemon party, gme megathread  ";"";"";"";"54";"0.10526315789473684"
"wallstreetbets";"2021-01-22";"How I feel after squeezing Melvin and Citron by the balls and closing GME above $43.";"how i feel after squeezing melvin and citron by the balls and closing gme above 43";"0.3034";"0.3034";"0.1";"opinionated";"";"0";"";"hedge funds";"";"";"82";"0.08333333333333333"
"wallstreetbets";"2021-01-23";"GME YOLO update — Jan 22 2021";"gme yolo update  jan 22 2021";"0.7555";"0.7555";"0.0";"opinionated";"";"0";"gme yolo update  ";"meme stocks";"";"https://web.archive.org/web/20210123000605im_/https://preview.redd.it/xho46kzt7yc61.png?width=640&crop=smart&auto=webp&s=a110a9b1b5dc685a136fe52732d94d21cca70a2e";"28";"0.27586206896551724"
"wallstreetbets";"2021-01-23";"First 20 bagger! GME to 100 EOW";"first 20 bagger gme to 100 eow";"0.5461";"0.5461";"0.3333333333333333";"opinionated";"";"0";"";"";"";"https://web.archive.org/web/20210123000605im_/https://preview.redd.it/fiungv2nuwc61.jpg?width=640&crop=smart&auto=webp&s=2ee1d97c75d932ebd043553522f23021a17d5dc4";"30";"0.22580645161290322"
"wallstreetbets";"2021-01-23";"GMREEEEEEEEEEkend Containment Thread - GME shitposts go here";"gmreeeeeeeeeekend containment thread  gme shitposts go here";"0.4995";"0.4995";"0.0";"opinionated";"";"0";"";"";"";"";"59";"0.3"
"wallstreetbets";"2021-01-24";"How Friday's GME gamma squeeze may trigger a short squeeze on Monday and Tuesday";"how fridays gme gamma squeeze may trigger a short squeeze on monday and tuesday";"0.9049";"0.9049";"0.3";"opinionated";"";"0";"";"short squeeze";"";"";"79";"0.0875"
"wallstreetbets";"2021-01-26";"GME Megathread Part 2";"gme megathread part 2";"0.4995";"0.4995";"0.0";"opinionated";"";"0";"";"";"";"";"21";"0.23809523809523808"
"wallstreetbets";"2021-01-26";"GME YOLO update — Jan 25 2021";"gme yolo update  jan 25 2021";"0.7555";"0.7555";"0.0";"opinionated";"";"0";"gme yolo update  ";"meme stocks";"";"https://web.archive.org/web/20210126000249im_/https://preview.redd.it/1ubfvqedmjd61.png?width=640&crop=smart&auto=webp&s=8d58b102b54e5eea74989ab4a3574d8da07d7b88";"28";"0.27586206896551724"
"wallstreetbets";"2021-01-27";"This Autist filed an SEC complaint against Melvin Capital. It aint much but its honest work.";"this autist filed an sec complaint against melvin capital it aint much but its honest work";"0.4558";"0.4558";"0.475";"opinionated";"";"0";"sec";"hedge funds, apes/community, regulation";"";"";"90";"0.08695652173913043"
"wallstreetbets";"2021-01-27";"GME YOLO update — Jan 26 2021";"gme yolo update  jan 26 2021";"0.7555";"0.7555";"0.0";"opinionated";"";"0";"gme yolo update  ";"meme stocks";"";"https://web.archive.org/web/20210127000222im_/https://preview.redd.it/cltvfhzmrqd61.png?width=640&crop=smart&auto=webp&s=934df3b874f4e16d79afe3d68cd8dbd6efe4fe7b";"28";"0.27586206896551724"
"wallstreetbets";"2021-01-27";"The GME Thread Part 3 for January 26, 2020";"the gme thread part 3 for january 26 2020";"0.4995";"0.4995";"0.0";"opinionated";"";"0";"";"";"";"";"41";"0.16666666666666666"
"wallstreetbets";"2021-01-30";"GME YOLO month-end update — Jan 2021";"gme yolo monthend update  jan 2021";"0.7555";"0.7555";"0.0";"opinionated";"";"0";"gme yolo monthend";"meme stocks";"";"https://web.archive.org/web/20210130000118im_/https://preview.redd.it/r557em3t5ce61.png?width=640&crop=smart&auto=webp&s=f851fdeb1b7a416878364bbd1ff1c3d9f13a5442";"34";"0.2222222222222222"
"wallstreetbets";"2021-01-30";"CNBC now running Ads promoting that Melvin Capital closed their short positions on $GME";"cnbc now running ads promoting that melvin capital closed their short positions on gme";"0.5766";"0.5766";"0.2";"opinionated";"";"0";"cnbc";"hedge funds";"";"https://web.archive.org/web/20210130000118im_/https://i.redd.it/8vxraurkcce61.png";"86";"0.11494252873563218"
"wallstreetbets";"2021-01-30";"How to Buy GME Above Broker Limits";"how to buy gme above broker limits";"0.4995";"0.4995";"0.1";"opinionated";"";"0";"";"";"";"";"34";"0.23529411764705882"
"wallstreetbets";"2021-02-01";"Greb talks Tendieman, Citron, Robinhood, DFV & More";"greb talks tendieman citron robinhood dfv  more";"-0.3612";"-0.3612";"0.5";"opinionated";"";"0";"";"robinhood";"";"";"47";"0.1568627450980392"
"wallstreetbets";"2021-02-01";"Regulatory agencies overseeing short selling activities of big hedge funds";"regulatory agencies overseeing short selling activities of big hedge funds";"0.0";"0.0";"0.2";"factual";"";"0";"";"hedge funds";"";"";"74";"0.013513513513513514"
"wallstreetbets";"2021-02-01";"A SIMPLE REMINDER FOR MONDAY!! $GME ONLY";"a simple reminder for monday gme only";"0.4738";"0.5211800000000001";"0.6785714285714286";"opinionated";"";"0";"";"";"";"https://web.archive.org/web/20210201001615im_/https://preview.redd.it/k1h9yydrpqe61.jpg?width=640&crop=smart&auto=webp&s=b3ac867a21e48caf8ac8e4f0bcf79a1222899915";"37";"0.775"
"wallstreetbets";"2021-02-05";"This is 100% Proof that GME is *literally* in Countdown-to-Launch Phase";"this is 100 proof that gme is literally in countdowntolaunch phase";"0.4995";"0.4995";"0.0";"opinionated";"";"0";"";"";"";"";"66";"0.11267605633802817"
"wallstreetbets";"2021-02-05";"GME Afternoon Tea Megathread - Feb 4, 2021";"gme afternoon tea megathread  feb 4 2021";"0.4995";"0.4995";"0.0";"opinionated";"";"0";"";"";"";"";"40";"0.16666666666666666"
"wallstreetbets";"2021-02-06";"Mark Cuban said ""once the brokerage stops restricting trades, then we'll see what WSB is really made of"". Well, guess what? Robinhood has removed all restrictions.";"mark cuban said once the brokerage stops restricting trades then well see what wsb is really made of well guess what robinhood has removed all restrictions";"-0.5165";"-0.5165";"0.2";"factual";"";"0";"mark cuban";"regulation, apes/community, robinhood";"";"";"155";"0.04294478527607362"
"wallstreetbets";"2021-02-06";"Which of you retards made me almost crash to get this picture on my Nashville commute? AMC TO THE MOOOOOON!!11!1!1!1!1!! 🚀";"which of you retards made me almost crash to get this picture on my nashville commute amc to the moooooon111111";"0.7179";"0.7179";"1.0";"opinionated";"🚀";"1";"moooooon111111";"apes/community";"";"https://web.archive.org/web/20210206024204im_/https://preview.redd.it/y4zwqqj4iof61.jpg?width=640&crop=smart&auto=webp&s=9617dd9a64375706ba3649521ea1483b4c9f8419";"111";"0.14754098360655737"
"wallstreetbets";"2021-02-06";"If they go after DFV for this, SEC is really sick in the head. One of the few guys that actually did serious DD and stuck to his guns. He didn’t start a rally, we just followed the path.";"if they go after dfv for this sec is really sick in the head one of the few guys that actually did serious dd and stuck to his guns he didnt start a rally we just followed the path";"-0.8143";"-0.8143";"0.4647619047619048";"factual";"";"0";"sec";"dd/analysis, regulation";"";"https://web.archive.org/web/20210206024204im_/https://preview.redd.it/ceb9q66nvnf61.jpg?width=640&crop=smart&auto=webp&s=6202cbaae5f889cd809429194ef6d455e3168865";"180";"0.05913978494623656"
"wallstreetbets";"2021-02-06";"$GME & $AMC Line comparation, from the last 5 Days...";"gme  amc line comparation from the last 5 days";"0.6669";"0.6669";"0.06666666666666667";"opinionated";"";"0";"";"";"";"https://web.archive.org/web/20210206024204im_/https://preview.redd.it/rmw4womtcpf61.jpg?width=640&crop=smart&auto=webp&s=c7bb55877941316f42ccfee039c71097590949b3";"46";"0.1509433962264151"
"wallstreetbets";"2021-02-07";"GME Institutions Hold 177% of Float Why the Squeeze is not Squoze";"gme institutions hold 177 of float why the squeeze is not squoze";"0.8494";"0.8494";"0.0";"opinionated";"";"0";"";"diamond hands, short squeeze";"";"";"64";"0.13846153846153847"
"wallstreetbets";"2021-02-07";"Can we continue realizing that Robinhood fucked 5 Million+ retail investors. Can we not forget that GameStop could have left the galaxy.";"can we continue realizing that robinhood fucked 5 million retail investors can we not forget that gamestop could have left the galaxy";"-0.7379";"-0.7379";"0.35";"factual";"";"0";"";"robinhood";"";"";"133";"0.04411764705882353"
"wallstreetbets";"2021-02-10";"Y'all need to let GME happen";"yall need to let gme happen";"0.4995";"0.4995";"0.0";"opinionated";"";"0";"";"";"";"";"27";"0.14285714285714285"
"wallstreetbets";"2021-02-20";"GME YOLO update — Feb 19 2021";"gme yolo update  feb 19 2021";"0.7555";"0.7555";"0.0";"opinionated";"";"0";"gme yolo update  ";"meme stocks";"";"https://web.archive.org/web/20210220001355im_/https://preview.redd.it/2xswz0h11ii61.png?width=640&crop=smart&auto=webp&s=a5fdb5e208e1769a6c2298ebecb83e24bf2f8239";"28";"0.27586206896551724"
"wallstreetbets";"2021-02-20";"Robinhood brand is severely damaged: 56% of account holders are considering leaving Robinhood";"robinhood brand is severely damaged 56 of account holders are considering leaving robinhood";"-0.872";"-0.872";"0.0";"factual";"";"0";"";"diamond hands, robinhood";"";"";"91";"0.021505376344086023"
"wallstreetbets";"2021-02-21";"Food bank donation with GME gains. Shelves fully stocked with tendies.";"food bank donation with gme gains shelves fully stocked with tendies";"0.8554";"0.8554";"0.0";"opinionated";"";"0";"";"regulation";"";"https://web.archive.org/web/20210221002039im_/https://external-preview.redd.it/3uC3LEbAZfy4XyHMaVkAKGo6jdRB-SM_HNGQWrI8Sjw.jpg?width=640&crop=smart&auto=webp&s=3a04494fffc97344428782841dd9b330db027cda";"68";"0.07142857142857142"
"wallstreetbets";"2021-02-21";"Not a single Robinhood screenshot on the front page";"not a single robinhood screenshot on the front page";"0.2755";"0.2755";"0.21428571428571427";"factual";"";"0";"";"robinhood";"";"";"51";"0.0392156862745098"
"wallstreetbets";"2021-02-21";"Now That GME Is Back On The Menu, This Is A Reminder To Get The F*CK Off Robinhood, WeBull, Or Any Other Discount Broker!";"now that gme is back on the menu this is a reminder to get the fck off robinhood webull or any other discount broker";"0.2558";"0.2558";"0.1875";"opinionated";"";"0";"";"robinhood";"";"";"116";"0.2396694214876033"
"wallstreetbets";"2021-02-22";"DeepFuckingValue position update | GME";"deepfuckingvalue position update  gme";"0.4995";"0.4995";"0.0";"opinionated";"";"0";"";"";"";"https://web.archive.org/web/20210222072748im_/https://external-preview.redd.it/aoFDiqkx9oJ-iTmemdvsJLRCG2bY8BDXb5T_kefm05A.png?width=960&crop=smart&format=pjpg&auto=webp&s=73ef4ce9330f77df6bfa79ca80e35201dc7941fe";"37";"0.15789473684210525"
"wallstreetbets";"2021-02-23";"GME Megathread for Monday, February 22nd, 2021";"gme megathread for monday february 22nd 2021";"0.4995";"0.4995";"0.0";"opinionated";"";"0";"";"";"";"";"44";"0.13043478260869565"
"wallstreetbets";"2021-02-23";"Ever since I was a young boy growing up in Bulgaria, I dreamed of owning AMC. #amc";"ever since i was a young boy growing up in bulgaria i dreamed of owning amc amc";"0.5319";"0.5319";"0.4";"opinionated";"";"0";"bulgaria";"";"";"https://web.archive.org/web/20210223013547im_/https://preview.redd.it/qwmmg0z692j61.jpg?width=640&crop=smart&auto=webp&s=9b32a3b769c2bc9f0501a01131e62ca5acda19c6";"79";"0.08536585365853659"
"wallstreetbets";"2021-02-25";"I Used My $GME Profits To Make A Better Online Community For Investors. It's Free, So Check It Out!";"i used my gme profits to make a better online community for investors its free so check it out";"0.9122";"0.9122";"0.65";"opinionated";"";"0";"";"apes/community";"";"https://web.archive.org/web/20210225001016im_/https://external-preview.redd.it/J40dGvBlolY-E20tAyPRib7xi2M0pBkv7HYIy0uW8QM.jpg?width=640&crop=smart&auto=webp&s=fc864d681f725e9da4a1894eefc433a33d0c3ab3";"94";"0.21212121212121213"
"wallstreetbets";"2021-02-25";"DIAMOND HANDS... LET'S GO BEYOND, PLUS ULTRA GME!!!!";"diamond hands lets go beyond plus ultra gme";"0.7243";"0.7967300000000002";"0.0";"opinionated";"";"0";"";"diamond hands";"";"";"43";"0.6923076923076923"
"wallstreetbets";"2021-02-25";"Looks like short squeeze back on the menu boys! Buy and HOLD 💎🙌💎";"looks like short squeeze back on the menu boys buy and hold";"0.8599";"0.8599";"0.15";"opinionated";"💎🙌💎";"3";"";"diamond hands, short squeeze";"";"https://web.archive.org/web/20210225001016im_/https://external-preview.redd.it/uVbh7iDFqPUa9UK9W9qY3EBk2KuEcAau8QpUO6psmTI.png?width=640&crop=smart&format=pjpg&auto=webp&s=2817420cb5fa3680589c2f8794dd3f75e920fdc4";"59";"0.09375"
"wallstreetbets";"2021-02-25";"GME up 37% ""I'm not sure I can take it again""";"gme up 37 im not sure i can take it again";"0.3118";"0.3118";"0.8888888888888888";"opinionated";"";"0";"";"";"";"";"41";"0.1111111111111111"
"wallstreetbets";"2021-02-27";"GME YOLO month-end update — Feb 2021";"gme yolo monthend update  feb 2021";"0.7555";"0.7555";"0.0";"opinionated";"";"0";"gme yolo monthend";"meme stocks";"";"https://web.archive.org/web/20210227003937im_/https://preview.redd.it/20ro9puizvj61.png?width=640&crop=smart&auto=webp&s=8b881bf3b98c23813ff34e86ffc8a93b58f79992";"34";"0.2222222222222222"
"wallstreetbets";"2021-02-27";"GME Megathread Part 2 for Friday, February 26th, 2021";"gme megathread part 2 for friday february 26th 2021";"0.4995";"0.4995";"0.0";"opinionated";"";"0";"";"";"";"";"51";"0.1320754716981132"
"wallstreetbets";"2021-02-28";"Planet GME (i made this when we couldn't post videos but now we can post videos)";"planet gme i made this when we couldnt post videos but now we can post videos";"0.277";"0.277";"0.0";"factual";"";"0";"";"";"";"";"77";"0.05"
"wallstreetbets";"2021-03-04";"800% RKT gains straight into GME shares";"800 rkt gains straight into gme shares";"0.8286";"0.8286";"0.4";"opinionated";"";"0";"";"";"";"https://web.archive.org/web/20210304032138im_/https://preview.redd.it/os1xjgms7vk61.jpg?width=640&crop=smart&auto=webp&s=d191bf86899d95169ec297b503d3ab5f7188996b";"38";"0.15384615384615385"
"wallstreetbets";"2021-03-04";"GME 🚀 Proud to fight beside each and everyone of you!";"gme  proud to fight beside each and everyone of you";"0.8412";"0.8412";"1.0";"opinionated";"🚀";"1";"gme  proud";"";"";"";"51";"0.07547169811320754"
"wallstreetbets";"2021-03-07";"GME realistic price prediction DD";"gme realistic price prediction dd";"0.4995";"0.4995";"0.3333333333333333";"opinionated";"";"0";"";"dd/analysis";"";"https://web.archive.org/web/20210307030204im_/https://external-preview.redd.it/EfzcaZX3X1jNtoG5euNn2Kqez2ea-xleSui5EJbI61Y.png?width=320&crop=smart&format=pjpg&auto=webp&s=d33452ab0f0f188ce1f9c8b2ea0b208e8aeca16b";"33";"0.15151515151515152"
"wallstreetbets";"2021-03-07";"A Summary of GME APE.";"a summary of gme ape";"0.7555";"0.7555";"0.0";"opinionated";"";"0";"";"apes/community";"";"";"20";"0.38095238095238093"
"wallstreetbets";"2021-03-10";"Nintendo goes all-in on GME: 3 new amiibo will be GameStop exclusives";"nintendo goes allin on gme 3 new amiibo will be gamestop exclusives";"0.4995";"0.4995";"0.45454545454545453";"opinionated";"";"0";"";"";"";"";"67";"0.08695652173913043"
"wallstreetbets";"2021-03-10";"Vibe at work while the GME rocket flies";"vibe at work while the gme rocket flies";"0.8038";"0.8038";"0.0";"opinionated";"";"0";"";"";"";"";"39";"0.10256410256410256"
"wallstreetbets";"2021-03-10";"OUR SAVIOR KEEPS MAKING THE NEWS! DFV INSPIRES US ALL CUZ WE JUST LIKE THE STOCK! 🚀🙌🏼🐈";"our savior keeps making the news dfv inspires us all cuz we just like the stock";"0.9091";"1.0";"0.0";"opinionated";"🚀🙌🏼🐈";"4";"";"";"";"https://web.archive.org/web/20210310002246im_/https://preview.redd.it/f9077u8e41m61.jpg?width=640&crop=smart&auto=webp&s=a0123ead5bb18974de2036cdfa47655278a5603e";"79";"0.7441860465116279"
"wallstreetbets";"2021-03-10";"Why I'm selling GME";"why im selling gme";"0.4995";"0.4995";"0.0";"opinionated";"";"0";"";"";"";"";"18";"0.2631578947368421"
"wallstreetbets";"2021-03-15";"WSB degenerates after selling GME for $500k a share";"wsb degenerates after selling gme for 500k a share";"0.6633";"0.6633";"0.0";"opinionated";"";"0";"500k";"apes/community";"";"";"50";"0.11764705882352941"
"wallstreetbets";"2021-03-17";"Bill Gross is short GME. Selling $250 and $300 calls.";"bill gross is short gme selling 250 and 300 calls";"0.1613";"0.1613";"0.15";"factual";"";"0";"bill gross";"";"";"https://web.archive.org/web/20210317002810im_/https://preview.redd.it/pqnbbr0z2gn61.jpg?width=640&crop=smart&auto=webp&s=36ae34df67e3b1b578062dc5a282ceb888e3806a";"49";"0.11320754716981132"
"wallstreetbets";"2021-03-17";"This is me reacting to everyone in my life telling me that $GME is a ""too volatile"" or ""a risky"" investment";"this is me reacting to everyone in my life telling me that gme is a too volatile or a risky investment";"0.347";"0.347";"0.0";"factual";"";"0";"";"";"";"";"102";"0.037383177570093455"
"wallstreetbets";"2021-03-17";"Tippin a Tendie to my GME Employees";"tippin a tendie to my gme employees";"0.4995";"0.4995";"0.0";"opinionated";"";"0";"";"";"";"";"35";"0.17142857142857143"
"wallstreetbets";"2021-03-18";"Why the $GME MOASS (Mother of All Short Squeezes) is real and why it is scary for the rest of the market";"why the gme moass mother of all short squeezes is real and why it is scary for the rest of the market";"0.0085";"0.0085";"0.5333333333333333";"opinionated";"";"0";"";"short squeeze";"";"";"101";"0.125"
"wallstreetbets";"2021-03-20";"Watching GME, waiting for it to Squeeze like:";"watching gme waiting for it to squeeze like";"0.8668";"0.8668";"0.0";"opinionated";"";"0";"";"";"";"";"43";"0.1111111111111111"
"wallstreetbets";"2021-03-22";"AMC Voting Megathread for Saturday, March 20th, 2021";"amc voting megathread for saturday march 20th 2021";"0.3034";"0.3034";"0.0";"factual";"";"0";"";"";"";"";"50";"0.1346153846153846"
"wallstreetbets";"2021-03-22";"Join a hedge fund, what do you get?";"join a hedge fund what do you get";"0.296";"0.296";"0.0";"factual";"";"0";"";"hedge funds";"";"";"33";"0.02857142857142857"
"wallstreetbets";"2021-03-22";"An Illiad of GME Technical Analysis and DD";"an illiad of gme technical analysis and dd";"0.4995";"0.4995";"0.1";"opinionated";"";"0";"";"dd/analysis";"";"";"42";"0.21428571428571427"
"wallstreetbets";"2021-03-27";"Just bought another $10,000 worth of GME Shares cuz FUCK YOU AND YOUR BULL SHIT";"just bought another 10000 worth of gme shares cuz fuck you and your bull shit";"0.128";"0.128";"0.5";"opinionated";"";"0";"";"";"";"";"77";"0.34177215189873417"
"wallstreetbets";"2021-03-27";"GME Megathread for March 26, 2021";"gme megathread for march 26 2021";"0.4995";"0.4995";"0.0";"opinionated";"";"0";"";"";"";"";"32";"0.15151515151515152"
"wallstreetbets";"2021-04-01";"Ice Cube sues Robinhood";"ice cube sues robinhood";"-0.3612";"-0.3612";"0.0";"factual";"";"0";"";"robinhood";"";"";"23";"0.13043478260869565"
"wallstreetbets";"2021-04-01";"GME YOLO month-end update — Mar 2021";"gme yolo monthend update  mar 2021";"0.7555";"0.7555";"0.0";"opinionated";"";"0";"gme yolo monthend";"meme stocks";"";"https://web.archive.org/web/20210401035013im_/https://preview.redd.it/2hashizm7fq61.png?width=640&crop=smart&auto=webp&s=b2b150897fd1bc8904defba3428c1bce6ef85ce9";"34";"0.2222222222222222"
"wallstreetbets";"2021-04-02";"$3M+ in GME YOLO, happy easter boys";"3m in gme yolo happy easter boys";"0.8797";"0.8797";"1.0";"opinionated";"";"0";"gme yolo";"meme stocks";"";"https://web.archive.org/web/20210402044322im_/https://preview.redd.it/u8wkxdprfnq61.png?width=640&crop=smart&auto=webp&s=c979ab04bf306a001ce37e2fe87c074341890e65";"32";"0.22857142857142856"
"wallstreetbets";"2021-04-02";"GME YOLO update — Apr 1 2021";"gme yolo update  apr 1 2021";"0.7555";"0.7555";"0.0";"opinionated";"";"0";"gme yolo update  apr";"meme stocks";"";"https://web.archive.org/web/20210402044322im_/https://preview.redd.it/qs5f2oeisnq61.png?width=640&crop=smart&auto=webp&s=58879c5cdb67c126ab88f3895abc9ffed43dff7f";"27";"0.2857142857142857"
"wallstreetbets";"2021-04-02";"💎🙌 Diamond Hands Cocktail 💎🙌";"diamond hands cocktail";"0.34";"0.34";"0.0";"factual";"💎🙌💎🙌";"4";"";"diamond hands";"";"";"22";"0.10714285714285714"
"wallstreetbets";"2021-04-04";"GME DD on April 2020 similarities to today";"gme dd on april 2020 similarities to today";"0.4995";"0.4995";"0.0";"opinionated";"";"0";"gme dd";"dd/analysis";"";"";"42";"0.14285714285714285"
"wallstreetbets";"2021-04-04";"Yolo 50k in AMC";"yolo 50k in amc";"0.5766";"0.5766";"0.0";"opinionated";"";"0";"";"meme stocks";"";"https://web.archive.org/web/20210404053334im_/https://preview.redd.it/qj9j5j3g22r61.jpg?width=640&crop=smart&auto=webp&s=4b4f9a81efce76a4df578a6a592197a95644af28";"15";"0.26666666666666666"
"wallstreetbets";"2021-04-04";"[GME] Will we see another 100% increase next week?";"gme will we see another 100 increase next week";"0.6739";"0.6739";"0.0";"opinionated";"";"0";"gme";"";"";"https://web.archive.org/web/20210404053334im_/https://preview.redd.it/ps5ew231oxq61.png?width=640&crop=smart&auto=webp&s=d653076328d11257e474a4176c50849f1770879b";"46";"0.08"
"wallstreetbets";"2021-04-06";"GME Daytrading Simulation";"gme daytrading simulation";"0.4995";"0.4995";"0.0";"opinionated";"";"0";"";"";"";"";"25";"0.2"
"wallstreetbets";"2021-04-06";"GME Megathread for April 05, 2021";"gme megathread for april 05 2021";"0.4995";"0.4995";"0.0";"opinionated";"";"0";"";"";"";"";"32";"0.15151515151515152"
"wallstreetbets";"2021-04-11";"About $14k YOLO -Currently @$99k in profits ( GFB is happy) (GME)";"about 14k yolo currently 99k in profits  gfb is happy gme";"0.9196";"0.9196";"0.7";"opinionated";"";"0";"";"meme stocks";"";"https://web.archive.org/web/20210411025545im_/https://preview.redd.it/rp746ylmmds61.jpg?width=640&crop=smart&auto=webp&s=1a6fffaa34ed534b7dcb111ea190701ec0f8ffc6";"57";"0.18461538461538463"
"wallstreetbets";"2021-04-11";"MELVIN's LONG PORTFOLIO IS UP 7.62% IN Q1 2021, so that supposed 49% Q1 loss must be REAL bad. Was someone naked shorting stocks for the big boys to try and impress them so he's finally let in on the big boy conversations? [SEC 13-F filings and stock price data analysis] [Evidence-backed DD]";"melvins long portfolio is up 762 in q1 2021 so that supposed 49 q1 loss must be real bad was someone naked shorting stocks for the big boys to try and impress them so hes finally let in on the big boy conversations sec 13f filings and stock price data analysis evidencebacked dd";"-0.6289";"-0.6289";"0.5142857142857143";"opinionated";"";"0";"sec";"hedge funds, dd/analysis, regulation";"";"";"278";"0.13356164383561644"
"wallstreetbets";"2021-04-11";"I just keep buying more GME. I have no idea why. Love you silly apes!";"i just keep buying more gme i have no idea why love you silly apes";"0.7856";"0.7856";"0.6583333333333333";"opinionated";"";"0";"";"apes/community";"";"https://web.archive.org/web/20210411025545im_/https://preview.redd.it/flj15a02ffs61.jpg?width=640&crop=smart&auto=webp&s=177aa1217152eb679ce536498995f3fd73c0f1ad";"66";"0.08695652173913043"
"wallstreetbets";"2021-04-11";"Will DFV exercise his contract for 50,000 GME shares next Friday? And how heavy a catalyst will it be?";"will dfv exercise his contract for 50000 gme shares next friday and how heavy a catalyst will it be";"0.6997";"0.6997";"0.25";"opinionated";"";"0";"";"";"";"";"99";"0.08823529411764706"
"wallstreetbets";"2021-04-12";"Please go vote ! DFV asking for our opinion";"please go vote  dfv asking for our opinion";"0.3802";"0.3802";"0.0";"opinionated";"";"0";"";"";"";"https://web.archive.org/web/20210412025654im_/https://preview.redd.it/7dcs3tnqbms61.jpg?width=640&crop=smart&auto=webp&s=28b4f9fbf20014eeecb9056c863006328d5f1b3b";"42";"0.09302325581395349"
"wallstreetbets";"2021-04-12";"""Tis but a scratch!"" -Melvin Capital";"tis but a scratch melvin capital";"-0.4199";"-0.4199";"0.0";"opinionated";"";"0";"";"hedge funds";"";"";"32";"0.08333333333333333"
"wallstreetbets";"2021-04-12";"Simpsons GME ticker";"simpsons gme ticker";"0.4995";"0.4995";"0.0";"opinionated";"";"0";"gme ticker";"";"";"";"19";"0.21052631578947367"
"wallstreetbets";"2021-04-14";"GME - It's all coming together";"gme  its all coming together";"0.4995";"0.4995";"0.0";"opinionated";"";"0";"gme";"";"";"";"28";"0.13333333333333333"
"wallstreetbets";"2021-04-15";"GME Megathread for April 14, 2021";"gme megathread for april 14 2021";"0.4995";"0.4995";"0.0";"opinionated";"";"0";"";"";"";"";"32";"0.15151515151515152"
"wallstreetbets";"2021-04-15";"Apemeisters, it is my pleasure to present you the ultimately rare bullish formation in GME: cup and two handles inside of the descending triangle. The resistance is being tested currently, potential upside is... Well, it is fucking infinity 💎 🙌 🐵 🌕";"apemeisters it is my pleasure to present you the ultimately rare bullish formation in gme cup and two handles inside of the descending triangle the resistance is being tested currently potential upside is well it is fucking infinity";"0.948";"0.948";"0.675";"opinionated";"💎🙌🐵🌕";"4";"";"apes/community";"";"https://web.archive.org/web/20210415002653im_/https://preview.redd.it/9789bpu9s5t61.jpg?width=640&crop=smart&auto=webp&s=01c0b4d8334baca718e0ca8ff09ae40c7857844d";"232";"0.024193548387096774"
"wallstreetbets";"2021-04-16";"Massachusetts regulators seek to revoke Robinhood's license; brokerage sues.";"massachusetts regulators seek to revoke robinhoods license brokerage sues";"0.0";"0.0";"0.0";"factual";"";"0";"massachusetts";"robinhood";"";"";"73";"0.02631578947368421"
"wallstreetbets";"2021-04-16";"Subtitles are hard but Hedge Funds like to fuck investors harder.";"subtitles are hard but hedge funds like to fuck investors harder";"-0.0516";"-0.0516";"0.38055555555555554";"factual";"";"0";"";"hedge funds";"";"";"64";"0.046153846153846156"
"wallstreetbets";"2021-04-17";"DFV buys another 100k GME shares...";"dfv buys another 100k gme shares";"0.6633";"0.6633";"0.0";"opinionated";"";"0";"100k";"";"";"";"32";"0.17142857142857143"
"wallstreetbets";"2021-04-17";"100 GME shares for $500";"100 gme shares for 500";"0.6633";"0.6633";"0.0";"opinionated";"";"0";"";"";"";"";"22";"0.13043478260869565"
"wallstreetbets";"2021-04-17";"GME YOLO update — Apr 16 2021 — final update";"gme yolo update  apr 16 2021  final update";"0.7555";"0.7555";"1.0";"opinionated";"";"0";"gme yolo update  ";"meme stocks";"";"https://web.archive.org/web/20210417024337im_/https://preview.redd.it/n7m08253glt61.png?width=640&crop=smart&auto=webp&s=680312bbc2fd033fb1b98662df040fb91fc83ed8";"42";"0.18181818181818182"
"wallstreetbets";"2021-04-17";"GME YOLO my second mortgage. 35k to 5mil to 300k to 1.6mil. Exercised all my calls!";"gme yolo my second mortgage 35k to 5mil to 300k to 16mil exercised all my calls";"0.8052";"0.8052";"0.0";"opinionated";"";"0";"300k, gme yolo my second";"meme stocks, regulation";"";"https://web.archive.org/web/20210417024337im_/https://preview.redd.it/tfov1v21slt61.png?width=640&crop=smart&auto=webp&s=7473be036c0e7c80cb773de0a7de8b5fc6ad7134";"79";"0.0963855421686747"
"wallstreetbets";"2021-04-18";"$AMC Positions 4/17/21 and Bikini Photo 🥳 Apes Let’s GO!! 🍸🍹🥂💎🙌";"amc positions 41721 and bikini photo  apes lets go";"0.6616";"0.6616";"0.0";"opinionated";"🥳🍸🍹🥂💎🙌";"6";"";"apes/community, diamond hands";"";"";"50";"0.15873015873015872"
"wallstreetbets";"2021-04-20";"$32,000 GME YOLO 🚀🚀🚀🚀 (repost because I'm retarded)";"32000 gme yolo  repost because im retarded";"0.9626";"0.9626";"0.8";"opinionated";"🚀🚀🚀🚀";"4";"gme yolo  repost";"apes/community, meme stocks";"";"";"42";"0.1568627450980392"
"wallstreetbets";"2021-04-20";"Stock Shorts Collapse as No Hedge Fund Wants ‘Head Ripped Off’";"stock shorts collapse as no hedge fund wants head ripped off";"-0.6597";"-0.6597";"0.1";"factual";"";"0";"";"hedge funds";"";"";"60";"0.16129032258064516"
"wallstreetbets";"2021-04-23";"GME sets shareholder proxy vote for shareholder meeting on June 9, 2021";"gme sets shareholder proxy vote for shareholder meeting on june 9 2021";"0.4995";"0.4995";"0.0";"opinionated";"";"0";"";"diamond hands";"";"";"70";"0.056338028169014086"
"wallstreetbets";"2021-04-24";"$GME Technical Analysis";"gme technical analysis";"0.4995";"0.4995";"0.1";"opinionated";"";"0";"gme technical analysis";"dd/analysis";"";"";"22";"0.21739130434782608"
"wallstreetbets";"2021-04-26";"Hedge Fund IPM Closes After Losing $4 Billion in Pandemic";"hedge fund ipm closes after losing 4 billion in pandemic";"-0.3818";"-0.3818";"0.0";"factual";"";"0";"";"hedge funds";"";"";"56";"0.17543859649122806"
"wallstreetbets";"2021-04-27";"The Fellowship of the $GME 🚀";"the fellowship of the gme";"0.8038";"0.8038";"0.0";"opinionated";"🚀";"1";"";"";"";"";"25";"0.17857142857142858"
"wallstreetbets";"2021-04-27";"$GME squeeze incoming";"gme squeeze incoming";"0.8038";"0.8038";"0.0";"opinionated";"";"0";"";"";"";"https://web.archive.org/web/20210427011441im_/https://preview.redd.it/j0awzqpxnkv61.png?width=640&crop=smart&auto=webp&s=8886d6815250fb0428aaa301e818f540052f6279";"20";"0.14285714285714285"
"wallstreetbets";"2021-04-27";"$GME Technical Analysis: Waves go Brrr";"gme technical analysis waves go brrr";"0.4995";"0.4995";"0.1";"opinionated";"";"0";"gme technical analysis";"dd/analysis";"";"";"36";"0.18421052631578946"
"wallstreetbets";"2021-05-08";"When DFV posts literally anything";"when dfv posts literally anything";"0.0";"0.0";"0.0";"factual";"";"0";"";"";"";"";"33";"0.12121212121212122"
"wallstreetbets";"2021-05-11";"Reviewing my GME investment";"reviewing my gme investment";"0.4995";"0.4995";"0.0";"opinionated";"";"0";"";"";"";"";"27";"0.14814814814814814"
"wallstreetbets";"2021-05-11";"GME Great investment! Bought 600 more shares on my second account. 1600 shares in total! Life is great!";"gme great investment bought 600 more shares on my second account 1600 shares in total life is great";"0.9536";"0.9536";"0.55";"opinionated";"";"0";"";"regulation";"";"";"99";"0.05825242718446602"
"wallstreetbets";"2021-05-13";"Bought more GME cuz I’m retarded.";"bought more gme cuz im retarded";"-0.0449";"-0.0449";"0.65";"opinionated";"";"0";"";"apes/community";"";"";"31";"0.15151515151515152"
"wallstreetbets";"2021-05-14";"AMC Entertainment Holdings, Inc. Completes 43 Million Share At-The-Market Equity Offering and Raises $428 Million in Additional Equity Capital";"amc entertainment holdings inc completes 43 million share atthemarket equity offering and raises 428 million in additional equity capital";"0.7378";"0.7378";"0.0";"opinionated";"";"0";"entertainment holdings inc";"dd/analysis, diamond hands";"";"";"137";"0.13380281690140844"
"wallstreetbets";"2021-05-21";"Read soms TL:DR, went all in GME";"read soms tldr went all in gme";"0.4995";"0.4995";"0.0";"opinionated";"";"0";"";"";"";"https://web.archive.org/web/20210521020326im_/https://preview.redd.it/g9xmwerzic071.jpg?width=640&crop=smart&auto=webp&s=97a97a2833d78e8005ad4b9f5e2116bcd6f95986";"30";"0.25"
"wallstreetbets";"2021-05-22";"Mr. Cohen, what's what's true value of GME?";"mr cohen whats whats true value of gme";"0.8143";"0.8143";"0.65";"opinionated";"";"0";"cohen";"";"";"";"38";"0.11627906976744186"
"wallstreetbets";"2021-05-22";"“We See You” - GME AMC";"we see you  gme amc";"0.6669";"0.7335900000000001";"0.0";"opinionated";"";"0";"";"";"";"";"19";"0.4090909090909091"
"wallstreetbets";"2021-05-22";"Portfolio 100% GME. Been selling all my other stocks since February and lowering my average. Always played it safe, been too fearful but this is the first time I feel at ease. Done my DD, invested all my money. Relaxing to enjoy the ride 💎🙌🏻";"portfolio 100 gme been selling all my other stocks since february and lowering my average always played it safe been too fearful but this is the first time i feel at ease done my dd invested all my money relaxing to enjoy the ride";"0.9327";"0.9327";"0.5180555555555556";"opinionated";"💎🙌🏻";"3";"";"dd/analysis, diamond hands";"";"https://web.archive.org/web/20210522043836im_/https://preview.redd.it/rtrs0lry0l071.jpg?width=640&crop=smart&auto=webp&s=f2deac9d189f59a613313ad697e5bd5741ba9974";"230";"0.04979253112033195"
"wallstreetbets";"2021-05-22";"RobinHood customer service is like...";"robinhood customer service is like";"0.0";"0.0";"0.0";"factual";"";"0";"";"robinhood";"";"";"34";"0.05405405405405406"
"wallstreetbets";"2021-05-23";"GME specific subreddits most days.";"gme specific subreddits most days";"0.4995";"0.4995";"0.3125";"opinionated";"";"0";"";"dd/analysis";"";"";"33";"0.08823529411764706"
"wallstreetbets";"2021-05-24";"GME $950 Call Options YOLO (IV dipped below 100% | Earnings, Shareholder Meeting / Vote Count approaching; just couldn't resist)";"gme 950 call options yolo iv dipped below 100  earnings shareholder meeting  vote count approaching just couldnt resist";"0.7555";"0.7555";"0.0";"opinionated";"";"0";"";"meme stocks, diamond hands";"";"https://web.archive.org/web/20210524085429im_/https://preview.redd.it/1fhvy1l65x071.jpg?width=640&crop=smart&auto=webp&s=4170eedb5ded85c2f82e18697c3375ceb850a467";"119";"0.125"
"wallstreetbets";"2021-05-26";"How it feels watching the GME chart each day";"how it feels watching the gme chart each day";"0.4995";"0.4995";"0.0";"opinionated";"";"0";"";"";"";"";"44";"0.09090909090909091"
"wallstreetbets";"2021-05-26";"GME is a rocket launch site >$190 (5-star set up)";"gme is a rocket launch site 190 5star set up";"0.8038";"0.8038";"0.0";"opinionated";"";"0";"gme";"";"";"";"44";"0.061224489795918366"
"wallstreetbets";"2021-05-26";"GME Anchored VWAP";"gme anchored vwap";"0.4995";"0.54945";"0.0";"opinionated";"";"0";"gme";"";"";"";"17";"0.47058823529411764"
"wallstreetbets";"2021-05-27";"Gamestop, AMC short sellers lost $754 million after Tuesday's rally";"gamestop amc short sellers lost 754 million after tuesdays rally";"-0.0173";"-0.0173";"0.3";"factual";"";"0";"";"";"";"";"64";"0.07462686567164178"
"wallstreetbets";"2021-05-27";"Purchased $770k of GME";"purchased 770k of gme";"0.4995";"0.4995";"0.0";"opinionated";"";"0";"770k";"";"";"https://web.archive.org/web/20210527025639im_/https://preview.redd.it/avwv5h4toj171.png?width=640&crop=smart&auto=webp&s=1a64200fd39af284d23a3ad62e913e86d6ad3530";"21";"0.18181818181818182"
"wallstreetbets";"2021-05-28";"The actual reason AMC soared: I made you all millions. Please just cover my loss";"the actual reason amc soared i made you all millions please just cover my loss";"0.3034";"0.3034";"0.1";"factual";"";"0";"";"";"";"https://web.archive.org/web/20210528004529im_/https://preview.redd.it/v7owuif18p171.jpg?width=640&crop=smart&auto=webp&s=dcc1120464d7be45029ea41cab17d20fe7da218e";"78";"0.075"
"wallstreetbets";"2021-05-28";"Invested all my savings into AMC!!! Wish me luck guys 🙏🙏🙏";"invested all my savings into amc wish me luck guys";"0.832";"0.832";"0.0";"opinionated";"🙏🙏🙏";"3";"";"";"";"https://web.archive.org/web/20210528004529im_/https://preview.redd.it/fg5dopj68o171.png?width=640&crop=smart&auto=webp&s=089fe147b2d18288a672b552ae6b3e052bc546c6";"50";"0.08771929824561403"
"wallstreetbets";"2021-05-29";"GME & AMC";"gme  amc";"0.6669";"0.7335900000000001";"0.0";"opinionated";"";"0";"gme  amc";"";"";"";"8";"0.6666666666666666"
"wallstreetbets";"2021-05-30";"AMC Volume Price Analysis";"amc volume price analysis";"0.3034";"0.3034";"0.0";"factual";"";"0";"";"dd/analysis";"";"";"25";"0.24"
"wallstreetbets";"2021-05-30";"AMC & GME Price Action Comparison before their squeeze";"amc  gme price action comparison before their squeeze";"0.8579";"0.8579";"0.1";"opinionated";"";"0";"";"";"";"";"53";"0.16666666666666666"
"wallstreetbets";"2021-05-30";"I would like to know what a squeeze feels like, so I'm holding the line with you now AMC to the MOON🚀🚀";"i would like to know what a squeeze feels like so im holding the line with you now amc to the moon";"0.9749";"0.9749";"0.0";"opinionated";"🚀🚀";"2";"";"diamond hands";"";"";"98";"0.08823529411764706"
"wallstreetbets";"2021-06-02";"I'd buy GME for a dollar!";"id buy gme for a dollar";"0.5461";"0.5461";"0.0";"opinionated";"";"0";"";"";"";"";"23";"0.16"
"wallstreetbets";"2021-06-08";"NOT EVERY STOCK IS A SHORT SQUEEZE";"not every stock is a short squeeze";"0.6124";"0.6736400000000001";"0.3";"opinionated";"";"0";"";"short squeeze";"";"";"34";"0.8235294117647058"
"wallstreetbets";"2021-06-08";"Daily Popular Ticker Thread for June 07, 2021 - BB | AMC | GME";"daily popular ticker thread for june 07 2021  bb  amc  gme";"0.8056";"0.8056";"0.45";"opinionated";"";"0";"";"";"";"";"58";"0.20967741935483872"
"wallstreetbets";"2021-06-09";"Daily Popular Ticker Thread for June 08, 2021 - BB | AMC | CLOV";"daily popular ticker thread for june 08 2021  bb  amc  clov";"0.6166";"0.6166";"0.45";"opinionated";"";"0";"";"";"";"";"59";"0.2222222222222222"
"wallstreetbets";"2021-06-09";"$80k into BB, AMC, WISH, CLOV, CLNE this week is gonna be quite a ride ❗️❗️🚀🚀📈📈";"80k into bb amc wish clov clne this week is gonna be quite a ride";"0.9283";"0.9283";"0.0";"opinionated";"❗❗🚀🚀📈📈";"6";"";"";"";"https://web.archive.org/web/20210609044945im_/https://preview.redd.it/cnztr64wx3471.jpg?width=640&crop=smart&auto=webp&s=8bf4d3a74868ae48165f202e9e5097cac9108528";"65";"0.21518987341772153"
"wallstreetbets";"2021-06-09";"$GME earnings tomorrow? RETARDS...ASSEMBLE!!!!";"gme earnings tomorrow retardsassemble";"0.6598";"0.6598";"0.0";"opinionated";"";"0";"";"apes/community";"";"";"37";"0.391304347826087"
"wallstreetbets";"2021-06-10";"Why has this turned into a war of stock vs stock? I thought it was apes against hedge fund short sellers?";"why has this turned into a war of stock vs stock i thought it was apes against hedge fund short sellers";"-0.644";"-0.644";"0.3";"factual";"";"0";"";"hedge funds, apes/community";"";"";"103";"0.01904761904761905"
"wallstreetbets";"2021-06-10";"AMC is 80% owned by investors averaging 120 shares each, WSB has hand in this!";"amc is 80 owned by investors averaging 120 shares each wsb has hand in this";"0.7861";"0.7861";"0.0";"opinionated";"";"0";"";"apes/community";"";"";"75";"0.07692307692307693"
"wallstreetbets";"2021-06-15";"Daily Popular Tickers Thread for June 14, 2021 - AMC | BB | CLOV";"daily popular tickers thread for june 14 2021  amc  bb  clov";"0.6166";"0.6166";"0.45";"opinionated";"";"0";"";"";"";"";"60";"0.21875"
"wallstreetbets";"2021-06-17";"Daily Popular Tickers Thread for June 16, 2021 - AMC | CLNE | DKNG";"daily popular tickers thread for june 16 2021  amc  clne  dkng";"0.6166";"0.6166";"0.45";"opinionated";"";"0";"";"";"";"";"62";"0.24242424242424243"
"wallstreetbets";"2021-06-17";"Amc was my first investment back in January2021. I believed in the stock and kept putting money in every check. 😪 holding peacefully and not loosing sleep over small dips 🚀🌚";"amc was my first investment back in january2021 i believed in the stock and kept putting money in every check  holding peacefully and not loosing sleep over small dips";"0.9169";"0.9169";"0.30833333333333335";"opinionated";"😪🚀🌚";"3";"january2021";"diamond hands";"";"https://web.archive.org/web/20210617020730im_/https://preview.redd.it/da6tz59q7l571.jpg?width=640&crop=smart&auto=webp&s=549ddab5ec361d71a4997fd470f8d3cb92aa192d";"167";"0.017341040462427744"
"wallstreetbets";"2021-06-18";"Daily Popular Tickers Thread for June 17, 2021 - AMC | CLNE | BB";"daily popular tickers thread for june 17 2021  amc  clne  bb";"0.6166";"0.6166";"0.45";"opinionated";"";"0";"";"";"";"";"60";"0.21875"
"wallstreetbets";"2021-06-18";"Cute dip yesterday, still holding $AMC 💎💎🙌🙌🚀🚀🚀🚀";"cute dip yesterday still holding amc";"0.9692";"0.9692";"1.0";"opinionated";"💎💎🙌🙌🚀🚀🚀🚀";"8";"";"diamond hands";"";"https://web.archive.org/web/20210618042047im_/https://preview.redd.it/m8hb8xslbu571.jpg?width=640&crop=smart&auto=webp&s=f8a1e9154257366b606d46c24263639b1798e637";"36";"0.0851063829787234"
"wallstreetbets";"2021-06-22";"Daily Popular Tickers Thread for June 21, 2021 - AMC | SPY | BB";"daily popular tickers thread for june 21 2021  amc  spy  bb";"0.6166";"0.6166";"0.45";"opinionated";"";"0";"";"";"";"";"59";"0.20634920634920634"
"wallstreetbets";"2021-06-24";"Finally got my retard letter. Positions were a bunch of ROOT calls that expired worthless, and some GME calls that expired worthless.";"finally got my retard letter positions were a bunch of root calls that expired worthless and some gme calls that expired worthless";"0.1111";"0.1111";"0.95";"opinionated";"";"0";"";"apes/community";"";"https://web.archive.org/web/20210624013346im_/https://preview.redd.it/erdhj1ngm2771.png?width=640&crop=smart&auto=webp&s=3f88f72b3be9dc66d3330e710cb56cdbda316686";"130";"0.06766917293233082"
"wallstreetbets";"2021-06-24";"Daily Popular Tickers Thread for June 23, 2021 - WISH | GME | WKHS";"daily popular tickers thread for june 23 2021  wish  gme  wkhs";"0.8579";"0.8579";"0.45";"opinionated";"";"0";"gme  wkhs";"";"";"";"62";"0.24242424242424243"
"wallstreetbets";"2021-06-27";"Would you love to ruin several hedge funds' 2nd Quarter Results this week AND make a bunch of money for yourself at the same time? The setup is perfect to do that this week.";"would you love to ruin several hedge funds 2nd quarter results this week and make a bunch of money for yourself at the same time the setup is perfect to do that this week";"0.6249";"0.6249";"0.34500000000000003";"opinionated";"";"0";"";"hedge funds";"";"";"170";"0.04046242774566474"
"wallstreetbets";"2021-07-02";"GME YOLO 🚀 I had a dream it hit $1300. ( 258 Shares, 2 7/2 212.5 call & 1 10/15 220 call). I’ll see you boys on the moon or behind Wendy’s.";"gme yolo  i had a dream it hit 1300  258 shares 2 72 2125 call  1 1015 220 call ill see you boys on the moon or behind wendys";"0.9563";"0.9563";"0.85";"opinionated";"🚀";"1";"gme yolo  ";"meme stocks";"";"https://web.archive.org/web/20210702003358im_/https://preview.redd.it/gv9kvzdyan871.jpg?width=640&crop=smart&auto=webp&s=54c711ab0fa4c199a82fbbec87d2b5a243f9ce27";"125";"0.07913669064748201"
"wallstreetbets";"2021-07-02";"Daily Popular Tickers Thread for July 01, 2021 - CLOV | AMD | AMC";"daily popular tickers thread for july 01 2021  clov  amd  amc";"0.6166";"0.6166";"0.45";"opinionated";"";"0";"";"";"";"";"61";"0.23076923076923078"
"wallstreetbets";"2021-07-03";"47k AMC 🦍🚀🌝. WISH ME LUCK";"47k amc  wish me luck";"0.9545";"1.0";"0.0";"opinionated";"🦍🚀🌝";"3";"";"";"";"https://web.archive.org/web/20210703012818im_/https://preview.redd.it/hok7g89tmu871.jpg?width=640&crop=smart&auto=webp&s=f2d01f57552716c17612767405971547eef1ac5d";"21";"0.52"
"wallstreetbets";"2021-07-05";"If the DD involves a “short squeeze”… ignore it. Stop. Get help. Learn to use your brain.";"if the dd involves a short squeeze ignore it stop get help learn to use your brain";"-0.25";"-0.25";"0.3";"factual";"";"0";"";"dd/analysis, short squeeze";"";"";"82";"0.06741573033707865"
"wallstreetbets";"2021-07-06";"Daily Popular Tickers Thread for July 05, 2021 - GME | AMC | CLOV";"daily popular tickers thread for july 05 2021  gme  amc  clov";"0.8056";"0.8056";"0.45";"opinionated";"";"0";"";"";"";"";"61";"0.23076923076923078"
"wallstreetbets";"2021-07-06";"All in GME";"all in gme";"0.4995";"0.4995";"0.0";"opinionated";"";"0";"";"";"";"https://web.archive.org/web/20210706093947im_/https://preview.redd.it/n41u07ymhi971.jpg?width=640&crop=smart&auto=webp&s=91d085d4c1297f70debb7c075dfb7c1305eaec79";"10";"0.4"
"wallstreetbets";"2021-07-13";"I'm done with $800 GME calls -- they have $950 ones now! $60K YOLO";"im done with 800 gme calls  they have 950 ones now 60k yolo";"0.8052";"0.8052";"0.0";"opinionated";"";"0";"";"meme stocks";"";"";"59";"0.13636363636363635"
"wallstreetbets";"2021-07-14";"$GME post-fight interview";"gme postfight interview";"0.4995";"0.4995";"0.0";"opinionated";"";"0";"";"";"";"";"23";"0.12"
"wallstreetbets";"2021-07-17";"Daily Popular Tickers Thread for July 16, 2021 - AMC | GME | AAPL";"daily popular tickers thread for july 16 2021  amc  gme  aapl";"0.8056";"0.8056";"0.45";"opinionated";"";"0";"";"";"";"";"61";"0.23076923076923078"
"wallstreetbets";"2021-07-17";"-$100,000 Loss on GME Options";"100000 loss on gme options";"0.2342";"0.2342";"0.0";"factual";"";"0";"";"";"";"https://web.archive.org/web/20210717001654im_/https://preview.redd.it/9zds802w3nb71.jpg?width=640&crop=smart&auto=webp&s=21fc1a936affcfd28cb597ad76a0456e398a9a3f";"26";"0.1724137931034483"
"wallstreetbets";"2021-07-21";"Daily Popular Tickers Thread for July 20, 2021 - AMC | GME | NVDA";"daily popular tickers thread for july 20 2021  amc  gme  nvda";"0.8056";"0.8056";"0.45";"opinionated";"";"0";"";"";"";"";"61";"0.23076923076923078"
"wallstreetbets";"2021-07-21";"Gain porn for AMC.";"gain porn for amc";"0.6841";"0.6841";"0.0";"opinionated";"";"0";"";"";"";"https://web.archive.org/web/20210721092945im_/https://preview.redd.it/tcmsnzfxfhc71.jpg?width=640&crop=smart&auto=webp&s=0621f69acbd8639e0b3a6c672b85e1d94238185f";"17";"0.2222222222222222"
"wallstreetbets";"2021-07-22";"Daily Popular Tickers Thread for July 21, 2021 - AMC | GME | NVDA";"daily popular tickers thread for july 21 2021  amc  gme  nvda";"0.8056";"0.8056";"0.45";"opinionated";"";"0";"";"";"";"";"61";"0.23076923076923078"
"wallstreetbets";"2021-07-23";"Daily Popular Tickers Thread for July 22, 2021 - CLOV | AMC | SOFI";"daily popular tickers thread for july 22 2021  clov  amc  sofi";"0.6166";"0.6166";"0.45";"opinionated";"";"0";"";"";"";"";"62";"0.24242424242424243"
"wallstreetbets";"2021-07-28";"United States Sells Unique Wu-Tang Clan Album Forfeited by Convicted Hedge Fund Manager Martin Shkreli";"united states sells unique wutang clan album forfeited by convicted hedge fund manager martin shkreli";"0.4215";"0.4215";"1.0";"opinionated";"";"0";"united states, martin shkreli";"hedge funds";"";"";"101";"0.14705882352941177"
"wallstreetbets";"2021-08-03";"GME $950 Calls YOLO (IV Dipped Under 100% again | Joining S&P400, Earnings Call Approaching, Indicators Showing Due for Another Run Up)";"gme 950 calls yolo iv dipped under 100 again  joining sp400 earnings call approaching indicators showing due for another run up";"0.7885";"0.7885";"0.1875";"opinionated";"";"0";"sp400";"meme stocks";"";"https://web.archive.org/web/20210803075342im_/https://preview.redd.it/9pds8gxrxye71.jpg?width=640&crop=smart&auto=webp&s=207520b32f3f3972152da6508b10532b010debe9";"127";"0.17777777777777778"
"wallstreetbets";"2021-08-03";"Robinhood insider selling - Vlad sold 1,250,000 ($45+ million) worth of $HOOD";"robinhood insider selling  vlad sold 1250000 45 million worth of hood";"-0.1531";"-0.1531";"0.1";"factual";"";"0";"";"robinhood";"";"";"69";"0.07792207792207792"
"wallstreetbets";"2021-08-03";"Daily Popular Tickers Thread for August 02, 2021 - BABA | GME | AMD";"daily popular tickers thread for august 02 2021  baba  gme  amd";"0.7213";"0.7213";"0.45";"opinionated";"";"0";"";"";"";"";"63";"0.22388059701492538"
"wallstreetbets";"2021-08-04";"Simple Jack Robinhood Trader";"simple jack robinhood trader";"-0.3612";"-0.3612";"0.35714285714285715";"factual";"";"0";"jack robinhood";"robinhood";"";"";"28";"0.14285714285714285"
"wallstreetbets";"2021-08-04";"Daily Popular Tickers Thread for August 03, 2021 - AMD | GME | TSLA";"daily popular tickers thread for august 03 2021  amd  gme  tsla";"0.7213";"0.7213";"0.45";"opinionated";"";"0";"";"";"";"";"63";"0.22388059701492538"
"wallstreetbets";"2021-08-04";"GME 20k YOLO - Going to 0 or 6 figures";"gme 20k yolo  going to 0 or 6 figures";"0.7555";"0.7555";"0.0";"opinionated";"";"0";"gme 20k yolo  going";"meme stocks";"";"https://web.archive.org/web/20210804000947im_/https://preview.redd.it/plfafes9s6f71.jpg?width=640&crop=smart&auto=webp&s=6c4354a7478afc6fa54b67bce7e0df14c3b562ea";"37";"0.21052631578947367"
"wallstreetbets";"2021-08-04";"Unpopular opinion: Robinhood still has the best mobile interface";"unpopular opinion robinhood still has the best mobile interface";"0.4019";"0.4019";"0.3";"opinionated";"";"0";"";"robinhood";"";"";"63";"0.03125"
"wallstreetbets";"2021-08-05";"It absolutely blows my mind that so many people and especially people on this sub are STILL using Robinhood despite what happened with the whole gamestop fiasco.";"it absolutely blows my mind that so many people and especially people on this sub are still using robinhood despite what happened with the whole gamestop fiasco";"-0.7003";"-0.7003";"0.7";"opinionated";"";"0";"";"robinhood";"";"";"160";"0.043478260869565216"
"wallstreetbets";"2021-08-05";"My experience trading with Robinhood this past year";"my experience trading with robinhood this past year";"-0.3612";"-0.3612";"0.25";"factual";"";"0";"";"robinhood";"";"";"51";"0.0392156862745098"
"wallstreetbets";"2021-08-06";"Daily Popular Tickers Thread for August 05, 2021 - AMD | GME | AMC";"daily popular tickers thread for august 05 2021  amd  gme  amc";"0.8056";"0.8056";"0.45";"opinionated";"";"0";"";"";"";"";"62";"0.21212121212121213"
"wallstreetbets";"2021-08-06";"Robinhood shares fall as stockholders file to sell up to 97.9 million shares";"robinhood shares fall as stockholders file to sell up to 979 million shares";"0.2263";"0.2263";"0.0";"factual";"";"0";"";"diamond hands, robinhood";"";"";"75";"0.013157894736842105"
"wallstreetbets";"2021-08-06";"Someone hacked my Robinhood account and GAVE me $15k";"someone hacked my robinhood account and gave me 15k";"-0.6369";"-0.6369";"0.0";"factual";"";"0";"";"robinhood";"";"";"51";"0.11538461538461539"
"wallstreetbets";"2021-08-06";"Riding $AMC to the Moon on next Monday's Earnings🚀🚀";"riding amc to the moon on next mondays earnings";"0.9353";"0.9353";"0.0";"opinionated";"🚀🚀";"2";"";"";"";"";"47";"0.13725490196078433"
"wallstreetbets";"2021-08-08";"If you are you a Robinhood trader who lost money in Gamestop, AMC, Nokia, Blackberry, or other stocks on or after January 28, 2021, contact nationally ranked plaintiff law firm Labaton Sucharow to find out if you could receive compensation.";"if you are you a robinhood trader who lost money in gamestop amc nokia blackberry or other stocks on or after january 28 2021 contact nationally ranked plaintiff law firm labaton sucharow to find out if you could receive compensation";"-0.3751";"-0.3751";"0.3875";"factual";"";"0";"";"robinhood";"";"https://web.archive.org/web/20210808024144im_/https://external-preview.redd.it/YWaUNIsK35VaIycdMx6p-NlrFNkvt7bo5XaqK8QAsLE.jpg?width=640&crop=smart&auto=webp&s=7e39aa92962e493a87dda0ceabb8e62df49c64b8";"233";"0.04583333333333333"
"wallstreetbets";"2021-08-10";"Daily Popular Tickers Thread for August 09, 2021 - MVST | AMC | GME";"daily popular tickers thread for august 09 2021  mvst  amc  gme";"0.8056";"0.8056";"0.45";"opinionated";"";"0";"";"";"";"";"63";"0.22388059701492538"
"wallstreetbets";"2021-08-12";"Daily Popular Tickers Thread for August 11, 2021 - MVST | AMC | CLOV";"daily popular tickers thread for august 11 2021  mvst  amc  clov";"0.6166";"0.6166";"0.45";"opinionated";"";"0";"";"";"";"";"64";"0.23529411764705882"
"wallstreetbets";"2021-08-16";"AMC - Quick technical and fundamental analysis for the next weeks";"amc  quick technical and fundamental analysis for the next weeks";"0.3034";"0.3034";"0.19999999999999998";"factual";"";"0";"";"hedge funds, dd/analysis";"";"";"64";"0.06153846153846154"
"wallstreetbets";"2021-08-17";"Daily Popular Tickers Thread for August 16, 2021 - CLOV | AMC | GME";"daily popular tickers thread for august 16 2021  clov  amc  gme";"0.8056";"0.8056";"0.45";"opinionated";"";"0";"";"";"";"";"63";"0.22388059701492538"
"wallstreetbets";"2021-08-18";"Daily Popular Tickers Thread for August 17, 2021 - CLOV | AMC | GME";"daily popular tickers thread for august 17 2021  clov  amc  gme";"0.8056";"0.8056";"0.45";"opinionated";"";"0";"";"";"";"";"63";"0.22388059701492538"
"wallstreetbets";"2021-08-19";"Daily Popular Tickers Thread for August 18, 2021 - AMC | CLOV | GME";"daily popular tickers thread for august 18 2021  amc  clov  gme";"0.8056";"0.8056";"0.45";"opinionated";"";"0";"";"";"";"";"63";"0.22388059701492538"
"wallstreetbets";"2021-08-20";"How to make and sequentially lose over 100k at 18 years old. Rolled my AMC $40 calls over to September 17, unfortunately my luck ran out.";"how to make and sequentially lose over 100k at 18 years old rolled my amc 40 calls over to september 17 unfortunately my luck ran out";"0.1613";"0.1613";"0.6";"opinionated";"";"0";"100k";"";"";"";"133";"0.043795620437956206"
"wallstreetbets";"2021-08-21";"Daily Popular Tickers Thread for August 20, 2021 - BABA | CLOV | AMC";"daily popular tickers thread for august 20 2021  baba  clov  amc";"0.6166";"0.6166";"0.45";"opinionated";"";"0";"";"";"";"";"64";"0.23529411764705882"
"wallstreetbets";"2021-08-24";"Daily Popular Tickers Thread for August 23, 2021 - BABA | PFE | AMC";"daily popular tickers thread for august 23 2021  baba  pfe  amc";"0.6166";"0.6166";"0.45";"opinionated";"";"0";"";"";"";"";"63";"0.22388059701492538"
"wallstreetbets";"2021-08-24";"GME YOLO beard bet update. In short (pun intended), hedgies r out of luck, markets r fuk, GME will go BRRRR, and I’m doubling down on my bet with my “L'Oreal shampoo commercial”-like hair";"gme yolo beard bet update in short pun intended hedgies r out of luck markets r fuk gme will go brrrr and im doubling down on my bet with my loreal shampoo commerciallike hair";"0.9135";"0.9135";"0.29444444444444445";"opinionated";"";"0";"gme yolo beard bet";"meme stocks";"";"";"175";"0.10160427807486631"
"wallstreetbets";"2021-08-27";"🚀🚀🚀🚀It is time to return to the one true meme GME YOLO 🚀🚀🚀🚀";"it is time to return to the one true meme gme yolo";"0.9901";"0.9901";"0.65";"opinionated";"🚀🚀🚀🚀🚀🚀🚀🚀";"8";"";"meme stocks";"";"https://web.archive.org/web/20210827064357im_/https://preview.redd.it/p4gfo6awtqj71.jpg?width=640&crop=smart&auto=webp&s=b3e385ca1df722dfa65c7285260cdf64462640e0";"50";"0.13559322033898305"
"wallstreetbets";"2021-08-31";"Robinhood Tanks After SEC Chair says “Banning payment for order flow is possible”. Karma";"robinhood tanks after sec chair says banning payment for order flow is possible karma";"-0.5766";"-0.5766";"0.8";"opinionated";"";"0";"sec";"regulation, robinhood";"";"";"85";"0.10227272727272728"
"wallstreetbets";"2021-08-31";"I made a lot of money on GME and quit my job, but I'm not sure whether to pay off my debt or keep daytrading with a lot of money";"i made a lot of money on gme and quit my job but im not sure whether to pay off my debt or keep daytrading with a lot of money";"-0.6342";"-0.6342";"0.8888888888888888";"opinionated";"";"0";"";"";"";"";"126";"0.0390625"
"wallstreetbets";"2021-09-03";"I just quit my job so that I could roll over my 401k into an IRA and put it all in GME! YOLO";"i just quit my job so that i could roll over my 401k into an ira and put it all in gme yolo";"0.7755";"0.7755";"0.0";"opinionated";"";"0";"401k";"meme stocks";"";"https://web.archive.org/web/20210903043741im_/https://preview.redd.it/y6wtknxzd3l71.png?width=640&crop=smart&auto=webp&s=2d0d2ba97b6ac5ab8c358f7ad448b64107b2053e";"91";"0.13043478260869565"
"wallstreetbets";"2021-09-07";"That one time when I turned $13,000 into $250,000 in 1 day. #AMC calls $40 and $70 strike.";"that one time when i turned 13000 into 250000 in 1 day amc calls 40 and 70 strike";"0.3034";"0.3034";"0.0";"factual";"";"0";"";"";"";"";"81";"0.05555555555555555"
"wallstreetbets";"2021-09-07";"Daily Popular Tickers Thread for September 06, 2021 - CLOV | GME | AMC";"daily popular tickers thread for september 06 2021  clov  gme  amc";"0.8056";"0.8056";"0.45";"opinionated";"";"0";"";"";"";"";"66";"0.21428571428571427"
"wallstreetbets";"2021-09-08";"Zombie Kong is Back 🪦🗿 🦍 🦍 🦍 Warning ⚠️: retarded GME yolo inside 🦍🦍🦍🍆🛸🚀🚀";"zombie kong is back     warning  retarded gme yolo inside";"0.824";"0.824";"0.4";"opinionated";"🪦🗿🦍🦍🦍⚠🦍🦍🦍🍆🛸🚀🚀";"13";"zombie kong";"apes/community, meme stocks";"";"https://web.archive.org/web/20210908005115im_/https://preview.redd.it/83263j6675m71.jpg?width=640&crop=smart&auto=webp&s=a02a6236e8eb94bec15d6a8b2bec8666196b187b";"57";"0.0958904109589041"
"wallstreetbets";"2021-09-08";"Daily Popular Tickers Thread for September 07, 2021 - CLOV | GME | AMC";"daily popular tickers thread for september 07 2021  clov  gme  amc";"0.8056";"0.8056";"0.45";"opinionated";"";"0";"";"";"";"";"66";"0.21428571428571427"
"wallstreetbets";"2021-09-09";"Today is the day. Over 2M in my favorite stock $GME. How will it turn out??? 🍦🐸🚀🌝";"today is the day over 2m in my favorite stock gme how will it turn out";"0.941";"0.941";"1.0";"opinionated";"🍦🐸🚀🌝";"4";"";"";"";"https://web.archive.org/web/20210909102826im_/https://preview.redd.it/e59ljs6rm9m71.jpg?width=640&crop=smart&auto=webp&s=e7c261606cacafc035aa3e594c35ead37f8fbcfd";"70";"0.08641975308641975"
"wallstreetbets";"2021-09-09";"GME | GameStop Reports Financial Results for Q2 2021";"gme  gamestop reports financial results for q2 2021";"0.4995";"0.4995";"0.0";"opinionated";"";"0";"gme";"";"";"";"51";"0.17307692307692307"
"wallstreetbets";"2021-09-10";"Everything is a short squeeze nowadays";"everything is a short squeeze nowadays";"0.6124";"0.6124";"0.3";"opinionated";"";"0";"";"short squeeze";"";"https://web.archive.org/web/20210910184437im_/https://preview.redd.it/q4ttx7hvwjm71.jpg?width=640&crop=smart&auto=webp&s=ebe1d2a5df17146fe391c742f513b0dd761f7d7c";"38";"0.02631578947368421"
"wallstreetbets";"2021-09-11";"Daily Popular Tickers Thread for September 10, 2021 - GME | CLOV | RKLB";"daily popular tickers thread for september 10 2021  gme  clov  rklb";"0.7213";"0.7213";"0.45";"opinionated";"";"0";"";"";"";"";"67";"0.22535211267605634"
"wallstreetbets";"2021-09-16";"Daily Popular Tickers Thread for September 15, 2021 - IRNT | GME | AAPL";"daily popular tickers thread for september 15 2021  irnt  gme  aapl";"0.7213";"0.7213";"0.45";"opinionated";"";"0";"";"";"";"";"67";"0.22535211267605634"
"wallstreetbets";"2021-09-18";"GME is about to fuk u with its negative beta.";"gme is about to fuk u with its negative beta";"-0.1197";"-0.1197";"0.4";"factual";"";"0";"gme";"";"";"";"44";"0.06666666666666667"
"wallstreetbets";"2021-09-25";"I got a job in a hedge fund to see Wall Street from the inside";"i got a job in a hedge fund to see wall street from the inside";"0.0";"0.0";"0.0";"factual";"";"0";"";"hedge funds";"";"";"62";"0.04838709677419355"
"wallstreetbets";"2021-10-01";"Daily Popular Tickers Thread for September 30, 2021 - GME | SDC | LCID";"daily popular tickers thread for september 30 2021  gme  sdc  lcid";"0.7213";"0.7213";"0.45";"opinionated";"";"0";"gme  sdc  lcid";"";"";"";"66";"0.21428571428571427"
"wallstreetbets";"2021-10-05";"Daily Popular Tickers Thread for October 04, 2021 - GME | GM | TSLA";"daily popular tickers thread for october 04 2021  gme  gm  tsla";"0.7213";"0.7213";"0.45";"opinionated";"";"0";"gm, gme  ";"";"";"";"63";"0.208955223880597"
"wallstreetbets";"2021-10-07";"255K $GME YOLO UPDATE. Added 30 more shares, please NO DRS comments. I’ve started my transfer to fidelity, gonna move 25% to Computer-share afterwards. GME is at its 2nd lowest RSI this year and as for the monthly chart, there’s a bullish MACD divergence. Fuck your puts, endgame is near";"255k gme yolo update added 30 more shares please no drs comments ive started my transfer to fidelity gonna move 25 to computershare afterwards gme is at its 2nd lowest rsi this year and as for the monthly chart theres a bullish macd divergence fuck your puts endgame is near";"0.8581";"0.8581";"0.375";"opinionated";"";"0";"fidelity gon, gme yolo update, 255k";"drs, dd/analysis, meme stocks";"";"";"274";"0.11498257839721254"
"wallstreetbets";"2021-10-09";"Daily Popular Tickers Thread for October 07, 2021 - SDC | PLTR | GME";"daily popular tickers thread for october 07 2021  sdc  pltr  gme";"0.7213";"0.7213";"0.45";"opinionated";"";"0";"sdc  pltr  ";"";"";"";"64";"0.22058823529411764"
"wallstreetbets";"2021-10-12";"AMC";"amc";"0.128";"0.1408";"0.0";"factual";"";"0";"";"";"";"https://web.archive.org/web/20211012094953im_/https://preview.redd.it/8sm1mq1mkws71.jpg?width=640&crop=smart&auto=webp&s=4371baa996f9bef4bb4d469f53b96d6dcd129717";"3";"1.0"
"wallstreetbets";"2021-10-19";"Can't wait them, specially AMC ones with my xxx shares";"cant wait them specially amc ones with my xxx shares";"0.5319";"0.5319";"0.5714285714285714";"opinionated";"";"0";"";"";"";"https://web.archive.org/web/20211019134839im_/https://preview.redd.it/i7p8zhup8du71.jpg?width=640&crop=smart&auto=webp&s=ea3aa4affb55f8aa231b471211450246a8b74683";"52";"0.07407407407407407"
"wallstreetbets";"2021-10-26";"WSB Hedge fund management team";"wsb hedge fund management team";"0.0";"0.0";"0.0";"factual";"";"0";"wsb hedge fund management";"hedge funds, apes/community";"";"https://web.archive.org/web/20211026010740im_/https://preview.redd.it/qbs040ut7lv71.jpg?width=640&crop=smart&auto=webp&s=883cb94420b515c4e5bf37735df103153aa5b2a0";"30";"0.13333333333333333"
"wallstreetbets";"2021-11-02";"GME finally breakout out of a ALMOST year long descending triangle. You stupid apes have held on for that long. I’m genuinely surprised. Love you all!";"gme finally breakout out of a almost year long descending triangle you stupid apes have held on for that long im genuinely surprised love you all";"0.7371";"0.7371";"0.7166666666666667";"opinionated";"";"0";"";"apes/community";"";"https://web.archive.org/web/20211102014248im_/https://preview.redd.it/bk530sdly0x71.jpg?width=640&crop=smart&auto=webp&s=5c581ebab018a8aca6de60bbeae99be61fe15103";"145";"0.08"
"wallstreetbets";"2021-11-20";"Citadel CEO Ken Griffin Outbid a Group of Coin Investors for Copy of U.S. Constitution";"citadel ceo ken griffin outbid a group of coin investors for copy of us constitution";"-0.6124";"-0.6124";"0.0";"factual";"";"0";"ken griffin";"hedge funds";"";"";"84";"0.16279069767441862"
"wallstreetbets";"2021-11-25";"I owe Robinhood 4K and have for months wonder what they'll do ?";"i owe robinhood 4k and have for months wonder what theyll do";"-0.3612";"-0.3612";"0.0";"factual";"";"0";"";"robinhood";"";"";"60";"0.047619047619047616"
"wallstreetbets";"2021-11-29";"200% net worth in GME (100% net worth + 100% margin)";"200 net worth in gme 100 net worth  100 margin";"0.7213";"0.7213";"0.05";"opinionated";"";"0";"";"";"";"https://web.archive.org/web/20211129052144im_/https://preview.redd.it/ypg59wtp2e281.png?width=640&crop=smart&auto=webp&s=a425e25c344e0064eae93c80977d709816c1c357";"46";"0.057692307692307696"
"wallstreetbets";"2021-12-09";"The average chimp after GME earnings:";"the average chimp after gme earnings";"0.4995";"0.4995";"0.39999999999999997";"opinionated";"";"0";"";"";"";"https://web.archive.org/web/20211209010138im_/https://i.redd.it/d1mm2nwp2e481.jpg";"36";"0.10810810810810811"
"wallstreetbets";"2021-12-18";"Is GME still a go?";"is gme still a go";"0.4995";"0.4995";"0.0";"opinionated";"";"0";"";"";"";"";"17";"0.2222222222222222"
"wallstreetbets";"2021-12-18";"Me after each hedge fund is vaporized";"me after each hedge fund is vaporized";"0.0";"0.0";"0.0";"factual";"";"0";"";"hedge funds";"";"";"37";"0.02702702702702703"
"wallstreetbets";"2022-01-07";"GME AH";"gme ah";"0.3612";"0.39732000000000006";"0.0";"factual";"";"0";"gme ah";"";"";"https://web.archive.org/web/20220107030213im_/https://preview.redd.it/htzxjjfa45a81.jpg?width=640&crop=smart&auto=webp&s=54447762a41aa58cb366157427946480ae13d5b0";"6";"0.8333333333333334"
"wallstreetbets";"2022-01-09";"Always good to see a CFO selling literally everything he had available to sell. BULLISH $AMC";"always good to see a cfo selling literally everything he had available to sell bullish amc";"0.8543";"0.8543";"0.5";"opinionated";"";"0";"";"";"";"https://web.archive.org/web/20220109011311im_/https://preview.redd.it/9asx8gxd2ja81.jpg?width=640&crop=smart&auto=webp&s=76f1d3ee8512c499dbe4984439bc72cc291a00f9";"90";"0.15217391304347827"
"wallstreetbets";"2022-01-20";"UNPOPULAR OPINION: GME is going to go parabolic next week";"unpopular opinion gme is going to go parabolic next week";"0.4995";"0.4995";"0.0";"opinionated";"";"0";"";"";"";"";"56";"0.3333333333333333"
"wallstreetbets";"2022-01-28";"DFV for the win!";"dfv for the win";"0.6239";"0.6239";"0.4";"opinionated";"";"0";"";"";"";"https://web.archive.org/web/20220128001855im_/https://preview.redd.it/hyb34l63b9e81.jpg?width=640&crop=smart&auto=webp&s=95f23790c92923c00db544794de2e9bb0d3f62af";"15";"0.1875"
"wallstreetbets";"2022-02-01";"GME is about to pop 40% at least. Here’s why it literally can’t go tits up.";"gme is about to pop 40 at least heres why it literally cant go tits up";"0.3254";"0.3254";"0.4";"factual";"";"0";"gme";"";"";"";"70";"0.05333333333333334"
"wallstreetbets";"2022-02-01";"Discovered Communications within the US Litigation Against Citadel & Robinhood in the days surrounding the January Buy Freeze, where brokers shut off buying and tanked target stocks. The judge declared there was not enough evidence to move to discovery, and ruled manipulation is legal under TOS";"discovered communications within the us litigation against citadel  robinhood in the days surrounding the january buy freeze where brokers shut off buying and tanked target stocks the judge declared there was not enough evidence to move to discovery and ruled manipulation is legal under tos";"-0.8316";"-0.8316";"0.35";"factual";"";"0";"tos, us";"hedge funds, robinhood";"";"";"291";"0.05084745762711865"
"wallstreetbets";"2022-03-17";"With the recent posts about GME Apes losing it all and not knowing when to quit while ahead, I just wanted to show that some of us do take the W and walk.";"with the recent posts about gme apes losing it all and not knowing when to quit while ahead i just wanted to show that some of us do take the w and walk";"0.1613";"0.1613";"0.25";"factual";"";"0";"";"apes/community";"";"https://web.archive.org/web/20220317015828im_/https://i.redd.it/8mhi5ald4rn81.png";"152";"0.045454545454545456"
"wallstreetbets";"2022-03-18";"GME 2021 Q4";"gme 2021 q4";"0.4995";"0.4995";"0.0";"opinionated";"";"0";"";"";"";"";"11";"0.36363636363636365"
"wallstreetbets";"2022-03-22";"GME 18k Options YOLO";"gme 18k options yolo";"0.7555";"0.7555";"0.0";"opinionated";"";"0";"";"meme stocks";"";"https://web.archive.org/web/20220322004758im_/https://preview.redd.it/85bc8a4roro81.jpg?width=640&crop=smart&auto=webp&s=66a2d8e5093c2a5f5aec8d7d7a4fd0409f32241f";"20";"0.4"
"wallstreetbets";"2022-03-25";"$GME Borrow Fee is climbing fast.";"gme borrow fee is climbing fast";"0.4995";"0.4995";"0.6";"opinionated";"";"0";"gme";"";"";"";"31";"0.15151515151515152"
"wallstreetbets";"2022-03-26";"After Cramer called it a nothing company, the market cap of GME is now greater than the market cap of Robinhood";"after cramer called it a nothing company the market cap of gme is now greater than the market cap of robinhood";"0.4995";"0.4995";"0.5";"opinionated";"";"0";"";"robinhood";"";"https://web.archive.org/web/20220326012726im_/https://preview.redd.it/so8mlh5s4mp81.jpg?width=640&crop=smart&auto=webp&s=8394333820debe87a79fb960e589cd78fec69227";"110";"0.05405405405405406"
"wallstreetbets";"2022-03-28";"GME YOLO! $100k in ATM calls. Seeking no less than $500k in profit.";"gme yolo 100k in atm calls seeking no less than 500k in profit";"0.8384";"0.8384";"0.06666666666666667";"opinionated";"";"0";"500k, gme yolo 100k";"meme stocks";"";"https://web.archive.org/web/20220328021724im_/https://preview.redd.it/abygwoeaczp81.jpg?width=640&crop=smart&auto=webp&s=b807be7a6cefd763c7a56fcc65e9611f2443972e";"62";"0.16417910447761194"
"wallstreetbets";"2022-03-29";"GME Yolo: 300k->1.35mil";"gme yolo 300k135mil";"0.694";"0.694";"0.0";"opinionated";"";"0";"gme yolo 300k135mil";"meme stocks";"";"";"19";"0.17391304347826086"
"wallstreetbets";"2022-03-30";"GME reached $448,950 seconds before halt. I was watching this as it was happening. LFG";"gme reached 448950 seconds before halt i was watching this as it was happening lfg";"0.5622";"0.5622";"0.0";"opinionated";"";"0";"gme";"regulation";"";"https://web.archive.org/web/20220330001853im_/https://preview.redd.it/hkxs1qw5hcq81.jpg?width=640&crop=smart&auto=webp&s=184b901c699b6a6b109fde7cc3feaae51986933e";"82";"0.08139534883720931"
"wallstreetbets";"2022-03-31";"How I feel talking to my friends who ask if I’m still in on $GME";"how i feel talking to my friends who ask if im still in on gme";"0.7456";"0.7456";"0.0";"opinionated";"";"0";"";"";"";"https://web.archive.org/web/20220331031552im_/https://i.redd.it/nl1xahdvjiq81.jpg";"62";"0.09375"
"wallstreetbets";"2022-04-01";"GME Stock Split SEC Filing";"gme stock split sec filing";"0.25";"0.25";"0.6";"opinionated";"";"0";"sec";"regulation";"";"";"26";"0.34615384615384615"
"wallstreetbets";"2022-04-04";"I love you GME fucktards";"i love you gme fucktards";"0.8143";"0.8143";"0.6";"opinionated";"";"0";"";"";"";"";"24";"0.16666666666666666"
"wallstreetbets";"2022-04-14";"Do not fall for this: “Short Squeeze”, new account, tons of awards in minutes. Fucking grills. Please.";"do not fall for this short squeeze new account tons of awards in minutes fucking grills please";"0.6486";"0.6486";"0.5181818181818182";"opinionated";"";"0";"";"short squeeze";"";"https://web.archive.org/web/20220414002506im_/https://preview.redd.it/87w7i66s3ct81.jpg?width=640&crop=smart&auto=webp&s=d023346cf1c31893301427167b7e438d95d32494";"94";"0.049019607843137254"
"wallstreetbets";"2022-04-18";"Remember when Robinhood told everyone no social security numbers were lost in their security breach?";"remember when robinhood told everyone no social security numbers were lost in their security breach";"-0.6844";"-0.6844";"0.06666666666666667";"factual";"";"0";"";"regulation, robinhood";"";"";"99";"0.02"
"wallstreetbets";"2022-05-16";"Bull market, bear market, who gives a shit? $GME 🚀";"bull market bear market who gives a shit gme";"0.4824";"0.4824";"0.8";"opinionated";"🚀";"1";"bull";"";"";"";"44";"0.08"
"wallstreetbets";"2022-05-19";"Melvin Capital to Wind Down After Losses";"melvin capital to wind down after losses";"-0.5719";"-0.5719";"0.2888888888888889";"factual";"";"0";"melvin capital";"hedge funds";"";"";"40";"0.15"
"wallstreetbets";"2022-05-19";"MELVIN CHEATED";"melvin cheated";"-0.6486";"-0.71346";"0.0";"factual";"";"0";"";"hedge funds";"";"";"14";"0.9285714285714286"
"wallstreetbets";"2022-05-26";"The only thing to fear is missing out | $GME 🚀";"the only thing to fear is missing out  gme";"0.4278";"0.4278";"0.525";"opinionated";"🚀";"1";"";"";"";"";"42";"0.08695652173913043"
"wallstreetbets";"2022-05-29";"cramer raging about meme stocks - GME";"cramer raging about meme stocks  gme";"-0.0431";"-0.0431";"0.0";"factual";"";"0";"meme";"meme stocks";"";"";"36";"0.08108108108108109"
"wallstreetbets";"2022-06-08";"Those that bought GME puts this week";"those that bought gme puts this week";"0.4084";"0.4084";"0.0";"opinionated";"";"0";"";"";"";"https://web.archive.org/web/20220608082323im_/https://preview.redd.it/ycr2ga9i59491.jpg?width=640&crop=smart&auto=webp&s=0e406b6bc172318ee256ba604e769e8edc5e7162";"36";"0.1111111111111111"
"wallstreetbets";"2022-06-09";"Meme stocks back on the menu boys! GME leading the way 🚀";"meme stocks back on the menu boys gme leading the way";"0.8188";"0.8188";"0.0";"opinionated";"🚀";"1";"meme";"meme stocks";"";"";"53";"0.07142857142857142"
"wallstreetbets";"2022-06-26";"Deep dive market analysis by top hedge fund executives.";"deep dive market analysis by top hedge fund executives";"0.2023";"0.2023";"0.45";"factual";"";"0";"";"hedge funds, dd/analysis";"";"";"54";"0.01818181818181818"
"wallstreetbets";"2022-06-28";"YOLO on Robinhood $HOOD";"yolo on robinhood hood";"0.186";"0.186";"0.0";"factual";"";"0";"";"meme stocks, robinhood";"";"";"22";"0.391304347826087"
"wallstreetbets";"2022-07-08";"GME just laid off 20% of corporate staff";"gme just laid off 20 of corporate staff";"0.4995";"0.4995";"0.0";"opinionated";"";"0";"";"";"";"";"39";"0.075"
"wallstreetbets";"2022-07-08";"Bearish on GME? Okay I'll Yolo.";"bearish on gme okay ill yolo";"0.4824";"0.4824";"0.75";"opinionated";"";"0";"";"meme stocks";"";"https://web.archive.org/web/20220708071507im_/https://preview.redd.it/oxz8yk96taa91.jpg?width=640&crop=smart&auto=webp&s=4d3bbff360760a25c47a475327ace5a0e593e8d1";"28";"0.22580645161290322"
"wallstreetbets";"2022-07-08";"$GME CEO Matt Furlong's Email Re: Layoffs";"gme ceo matt furlongs email re layoffs";"0.4995";"0.4995";"0.0";"opinionated";"";"0";"matt";"";"";"";"38";"0.2682926829268293"
"wallstreetbets";"2022-07-15";"Met AMC CEO Adam Aron";"met amc ceo adam aron";"0.3034";"0.33374000000000004";"0.0";"factual";"";"0";"";"";"";"https://web.archive.org/web/20220715160012im_/https://preview.redd.it/bhrg9x7ofnb91.jpg?width=640&crop=smart&auto=webp&s=865fa60a5c57e9acc22edc6cb01e43170f95473a";"21";"0.42857142857142855"
"wallstreetbets";"2022-07-20";"GME is about to have a bullish triple bottom break out. Rocket is about to take off.";"gme is about to have a bullish triple bottom break out rocket is about to take off";"0.8941";"0.8941";"0.0";"opinionated";"";"0";"gme";"";"";"";"82";"0.047619047619047616"
"wallstreetbets";"2022-07-22";"GME shares tonight";"gme shares tonight";"0.6633";"0.6633";"0.0";"opinionated";"";"0";"";"";"";"https://web.archive.org/web/20220722053859im_/https://preview.redd.it/ijzonzwlczc91.jpg?width=640&crop=smart&auto=webp&s=b9c8b255efbe5011dea18e9bff6146160c629818";"18";"0.16666666666666666"
"wallstreetbets";"2022-07-22";"Death to $GME PT.3 Increased Short Position by 6X to 60K";"death to gme pt3 increased short position by 6x to 60k";"0.1111";"0.1111";"0.3";"factual";"";"0";"";"";"";"";"54";"0.19642857142857142"
"wallstreetbets";"2022-07-26";"$GME - Update: $ROPE - Finishing The Job…";"gme  update rope  finishing the job";"0.4995";"0.4995";"0.0";"opinionated";"";"0";"";"";"";"";"35";"0.2682926829268293"
"wallstreetbets";"2022-07-28";"Death To $GME PT 7.35: Do You Feel In Control? [$77,189.62 GAIN]";"death to gme pt 735 do you feel in control 7718962 gain";"0.5371";"0.5371";"0.0";"opinionated";"";"0";"";"";"";"";"55";"0.25"
"wallstreetbets";"2022-08-14";"Holy fuck, You AMC holders better watch out";"holy fuck you amc holders better watch out";"0.3885";"0.3885";"0.55";"opinionated";"";"0";"";"diamond hands";"";"";"42";"0.11627906976744186"
"wallstreetbets";"2022-08-15";"Buyout $GME";"buyout gme";"0.4995";"0.4995";"0.0";"opinionated";"";"0";"buyout gme";"";"";"";"10";"0.36363636363636365"
"wallstreetbets";"2022-08-16";"GME chair Ryan Cohen has disclosed he is still in his call options for BBBY ranging $60 to $80";"gme chair ryan cohen has disclosed he is still in his call options for bbby ranging 60 to 80";"0.4995";"0.4995";"0.0";"opinionated";"";"0";"gme chair ryan cohen";"";"";"";"92";"0.09574468085106383"
"wallstreetbets";"2022-08-17";"I should have bought more $GME at $30";"i should have bought more gme at 30";"0.5463";"0.5463";"0.5";"opinionated";"";"0";"";"";"";"https://web.archive.org/web/20220817175948im_/https://preview.redd.it/wy1cdpgts9i91.jpg?width=640&crop=smart&auto=webp&s=e6ca8ca35178d56fea33957cd8022229dba36d33";"35";"0.10810810810810811"
"wallstreetbets";"2022-09-03";"Lost money on AMC, BBBY, GME and others? This may be for you.";"lost money on amc bbby gme and others this may be for you";"0.4881";"0.4881";"0.0";"opinionated";"";"0";"";"";"";"https://web.archive.org/web/20220903104652im_/https://preview.redd.it/psp5ho9oofl91.png?width=640&crop=smart&auto=webp&s=f7491f66f4b972736f642ae18c12dc87facc7731";"57";"0.19672131147540983"
"wallstreetbets";"2022-09-04";"Gme Earnings Coming Up Boys";"gme earnings coming up boys";"0.3612";"0.3612";"0.0";"factual";"";"0";"";"";"";"https://web.archive.org/web/20220904013225im_/https://preview.redd.it/wcvifs28jnl91.jpg?width=640&crop=smart&auto=webp&s=9a0d9e12393f9eb8efb6eef792f2add4835e6c9b";"27";"0.18518518518518517"
"wallstreetbets";"2022-09-20";"GME OpEx position. Lambos or Wendy’s here I come.";"gme opex position lambos or wendys here i come";"0.4995";"0.4995";"0.0";"opinionated";"";"0";"gme opex";"";"";"";"46";"0.16326530612244897"
"wallstreetbets";"2022-09-21";"GME $5k options yolo and $3k in shares. Today was the lowest volume to date. We’re about to 🚀";"gme 5k options yolo and 3k in shares today was the lowest volume to date were about to";"0.8531";"0.8531";"0.0";"opinionated";"🚀";"1";"";"meme stocks";"";"https://web.archive.org/web/20220921015628im_/https://preview.redd.it/uubi21e9p2p91.jpg?width=640&crop=smart&auto=webp&s=e79e2005b78f1e5d14e654d3e3f20b90e30d76e3";"86";"0.053763440860215055"
"wallstreetbets";"2022-09-28";"While you were panicking and looking at SPY, you may have missed that our old trusty GME bottomed this week on 0 shares to borrow yesterday... looks pretty aggressive";"while you were panicking and looking at spy you may have missed that our old trusty gme bottomed this week on 0 shares to borrow yesterday looks pretty aggressive";"0.7297";"0.7297";"0.6";"opinionated";"";"0";"";"";"";"https://web.archive.org/web/20220928002612im_/https://preview.redd.it/r89tqopd3fq91.png?width=640&crop=smart&auto=webp&s=778ab64a8f59a004457f0be39b4456149a7e5801";"162";"0.04216867469879518"
"wallstreetbets";"2022-10-12";"New Robinhood logo";"new robinhood logo";"-0.3612";"-0.3612";"0.45454545454545453";"factual";"";"0";"";"robinhood";"";"https://web.archive.org/web/20221012015457im_/https://preview.redd.it/xd6q59ei48t91.jpg?width=640&crop=smart&auto=webp&s=c5ada0b504a673e90a03cd54f2ecb488f8500d5c";"18";"0.1111111111111111"
"wallstreetbets";"2022-10-23";"Explaining to my dad what a hedge fund does";"explaining to my dad what a hedge fund does";"0.0";"0.0";"0.0";"factual";"";"0";"";"hedge funds";"";"";"43";"0.023255813953488372"
"wallstreetbets";"2022-10-29";"+500k week - GME & S&P 500 [Update]";"500k week  gme  sp 500 update";"0.4995";"0.4995";"0.0";"opinionated";"";"0";"";"";"";"https://web.archive.org/web/20221029090221im_/https://preview.redd.it/i3zr6l9islw91.jpg?width=640&crop=smart&auto=webp&s=2d2da46e2549b819035bc384cb975528e4c973da";"29";"0.17142857142857143"
"wallstreetbets";"2022-11-02";"$188,993 GME and AMC YOLO (BOUGHT MORE)";"188993 gme and amc yolo bought more";"0.8271";"0.90981";"0.5";"opinionated";"";"0";"";"meme stocks";"";"https://web.archive.org/web/20221102021001im_/https://preview.redd.it/h8qtz2j1ddx91.png?width=640&crop=smart&auto=webp&s=a2dcb6f926204d58c5884988c975c4beeb0783cd";"35";"0.5128205128205128"
"wallstreetbets";"2022-11-17";"GME is about to have a positive crossover on the 1 Week scale. This means GME has a very good chance of going on a rip soon.";"gme is about to have a positive crossover on the 1 week scale this means gme has a very good chance of going on a rip soon";"0.9386";"0.9386";"0.6627272727272728";"opinionated";"";"0";"gme";"";"";"";"122";"0.06451612903225806"
"wallstreetbets";"2022-11-23";"The Ban of GME";"the ban of gme";"-0.0943";"-0.0943";"0.0";"factual";"";"0";"";"regulation";"";"";"14";"0.35714285714285715"
"wallstreetbets";"2022-12-22";"AMC 🤡";"amc";"0.3034";"0.33374000000000004";"0.0";"factual";"🤡";"1";"";"";"";"https://web.archive.org/web/20221222141827im_/https://preview.redd.it/kwu9pojrwh7a1.png?width=640&crop=smart&auto=webp&s=e4fe10c36dc943fb4bb7277b715e0686ad7e9adb";"3";"0.6"
"wallstreetbets";"2022-12-28";"Parody: Elon Musk’s Robinhood";"parody elon musks robinhood";"-0.3612";"-0.3612";"0.0";"factual";"";"0";"";"robinhood";"";"https://web.archive.org/web/20221228043335im_/https://preview.redd.it/lcglqt0hzg8a1.jpg?width=640&crop=smart&auto=webp&s=c8312b611353413760d2e70eb80b97ccc268f7c9";"27";"0.13793103448275862"
"wallstreetbets";"2023-02-12";"Bought for $31K in December... fell to $1.5K in January... held... and sold for $80K last week. 53x from the January bottom. Diamond hands.";"bought for 31k in december fell to 15k in january held and sold for 80k last week 53x from the january bottom diamond hands";"0.34";"0.34";"0.06666666666666667";"factual";"";"0";"";"diamond hands";"";"https://web.archive.org/web/20230212090014im_/https://preview.redd.it/k1bvuf23ynha1.jpg?width=640&crop=smart&auto=webp&v=enabled&s=577566f339e5c3464a5cea24cdf4187513c9daf3";"123";"0.05755395683453238"
"wallstreetbets";"2023-03-16";"Eggon says “GME go up” after earnings. ⬆️";"eggon says gme go up after earnings";"0.0";"0.0";"0.0";"factual";"⬆";"1";"eggon";"";"";"";"35";"0.0975609756097561"
"wallstreetbets";"2023-04-16";"Robinhood's head of investment strategy says retail traders now favor long-term strategies over the rush of meme plays";"robinhoods head of investment strategy says retail traders now favor longterm strategies over the rush of meme plays";"0.5719";"0.5719";"0.0";"opinionated";"";"0";"";"robinhood";"";"";"116";"0.00847457627118644"
"wallstreetbets";"2023-05-02";"I will be suing Robinhood for $295,000 if they do not allow me to exercise my FRC puts";"i will be suing robinhood for 295000 if they do not allow me to exercise my frc puts";"-0.6971";"-0.6971";"0.0";"factual";"";"0";"";"robinhood";"";"";"84";"0.05813953488372093"
"wallstreetbets";"2023-05-03";"Robinhood mistakenly told its users that AMC had filed for bankruptcy";"robinhood mistakenly told its users that amc had filed for bankruptcy";"-0.3542";"-0.3542";"0.0";"factual";"";"0";"";"regulation, robinhood";"";"";"69";"0.057971014492753624"
"wallstreetbets";"2023-05-03";"I will be suing Robinhood for $500,000 if they don’t let me close my SPY puts for $500,000";"i will be suing robinhood for 500000 if they dont let me close my spy puts for 500000";"-0.6249";"-0.6249";"0.0";"factual";"";"0";"";"robinhood";"";"";"85";"0.05555555555555555"
"wallstreetbets";"2023-05-03";"Robinhood will let my $295,000 in FRC puts expire worthless, while other brokers allow users to cash out";"robinhood will let my 295000 in frc puts expire worthless while other brokers allow users to cash out";"-0.6124";"-0.6124";"0.6375";"opinionated";"";"0";"";"robinhood";"";"";"101";"0.038461538461538464"
"wallstreetbets";"2024-05-11";"Robinhood getting dick punched";"robinhood getting dick punched";"-0.7003";"-0.7003";"0.0";"factual";"";"0";"";"robinhood";"514.0";"";"30";"0.03333333333333333"
"wallstreetbets";"2024-05-13";"Baby wake up, DFV posted on twitter";"baby wake up dfv posted on twitter";"0.0";"0.0";"0.0";"factual";"";"0";"";"";"20428.0";"https://web.archive.org/web/20240513095626im_/https://preview.redd.it/baby-wake-up-dfv-posted-on-twitter-v0-czchu7x7430d1.jpeg?width=640&crop=smart&auto=webp&s=61b8d2788e8149cdabb88efe5d4c7dc94e01a458";"34";"0.11428571428571428"
"wallstreetbets";"2024-08-07";"$470 to $11K on online blackjack. Threw it in robinhood yesterday $5K gain today";"470 to 11k on online blackjack threw it in robinhood yesterday 5k gain today";"0.2263";"0.2263";"0.0";"factual";"";"0";"";"robinhood";"4312.0";"https://web.archive.org/web/20240807171532im_/https://preview.redd.it/470-to-11k-on-online-blackjack-threw-it-in-robinhood-v0-0er3r7frn2hd1.jpeg?width=640&crop=smart&auto=webp&s=34d2672582777fea07250b37805231467545d375";"76";"0.0375"
"wallstreetbets";"2024-10-02";"Hedge Funds Are Piling Into China because 💰💰💰";"hedge funds are piling into china because";"0.0";"0.0";"0.0";"factual";"💰💰💰";"3";"china";"hedge funds";"206.0";"https://web.archive.org/web/20241002153405im_/https://preview.redd.it/hedge-funds-are-piling-into-china-because-v0-6px6595tacsd1.jpeg?width=640&crop=smart&auto=webp&s=27b9521f56ede2d9222bcfed7effe17a786fe060";"41";"0.13333333333333333"
"wallstreetbets";"2024-11-12";"Hedge Funds Shorting Tesla Just Lost More Than $5 Billion
";"hedge funds shorting tesla just lost more than 5 billion";"-0.3182";"-0.3182";"0.5";"opinionated";"";"0";"more than 5 billion";"hedge funds";"1504.0";"";"56";"0.15517241379310345"
"wallstreetbets";"2024-11-12";"Robinhood #HOOD $HOOD Full Port";"robinhood hood hood full port";"-0.3612";"-0.3612";"0.55";"opinionated";"";"0";"";"robinhood";"24.0";"https://web.archive.org/web/20241112003211im_/https://preview.redd.it/robinhood-hood-full-port-v0-hqos7jq5fc0e1.jpeg?width=640&crop=smart&auto=webp&s=4eff5476ff8e53303e70e1bf9afe51dfaf5802ae";"29";"0.3548387096774194"
"wallstreetbets";"2024-11-23";"Went from losing on Webull to losing on Robinhood. CVNA and Coinbase puts ";"went from losing on webull to losing on robinhood cvna and coinbase puts";"-0.802";"-0.802";"0.0";"factual";"";"0";"";"robinhood";"98.0";"";"72";"0.10810810810810811"
"wallstreetbets";"2024-11-29";"Ken Griffin Slashes Citadel's Palantir Stake By 91%, Incareases Nvidia Stake By 194% In Q3";"ken griffin slashes citadels palantir stake by 91 incareases nvidia stake by 194 in q3";"-0.2023";"-0.2023";"0.0";"factual";"";"0";"ken griffin, slashes citadels";"hedge funds";"732.0";"";"86";"0.14444444444444443"
"wallstreetbets";"2024-12-01";"Finally Hit $100k in Robinhood After Years of Grind";"finally hit 100k in robinhood after years of grind";"-0.3612";"-0.3612";"1.0";"opinionated";"";"0";"100k";"robinhood";"4091.0";"";"50";"0.11764705882352941"
"wallstreetbets";"2024-12-09";"Why is everyone in here using Robinhood? ";"why is everyone in here using robinhood";"-0.3612";"-0.3612";"0.0";"factual";"";"0";"";"robinhood";"1221.0";"";"39";"0.04878048780487805"
"wallstreetbets";"2025-01-14";"Robinhood to pay $45M in penalties for violating over 10 securities laws, including failures in reporting, recordkeeping, reg SHO compliance";"robinhood to pay 45m in penalties for violating over 10 securities laws including failures in reporting recordkeeping reg sho compliance";"-0.802";"-0.802";"0.0";"factual";"";"0";"";"regulation, robinhood";"1574.0";"";"136";"0.03571428571428571"
"wallstreetbets";"2025-01-14";"Hedge funds increased bearish bets ahead of Friday's blowout US jobs report, banks say";"hedge funds increased bearish bets ahead of fridays blowout us jobs report banks say";"-0.34";"-0.34";"0.0";"factual";"";"0";"";"hedge funds, regulation";"656.0";"";"84";"0.046511627906976744"
"wallstreetbets";"2025-02-07";"Cathie Wood Dumps Nearly $7 Million Worth Of Robinhood Stock";"cathie wood dumps nearly 7 million worth of robinhood stock";"-0.5106";"-0.5106";"0.25";"factual";"";"0";"";"robinhood";"1825.0";"";"59";"0.15"
"wallstreetbets";"2025-02-19";"Citadel/Ken Griffin boosts GOOG position by 135% to $448M";"citadelken griffin boosts goog position by 135 to 448m";"0.3182";"0.3182";"0.0";"factual";"";"0";"citadelken griffin";"hedge funds";"761.0";"";"54";"0.14035087719298245"
"wallstreetbets";"2025-02-21";"As of today UK Robinhood users can trade US options";"as of today uk robinhood users can trade us options";"-0.3612";"-0.3612";"0.0";"factual";"";"0";"uk";"robinhood";"624.0";"https://web.archive.org/web/20250221093124im_/https://preview.redd.it/as-of-today-uk-robinhood-users-can-trade-us-options-v0-n1wy4sf0w9ke1.png?auto=webp&s=88fd39d25466cb89d43d659b34c17740e8ee7fa3";"51";"0.11764705882352941"
"wallstreetbets";"2025-02-24";"US SEC closes investigation into Robinhood Crypto";"us sec closes investigation into robinhood crypto";"-0.5766";"-0.5766";"0.6";"opinionated";"";"0";"sec";"regulation, robinhood";"228.0";"";"49";"0.14285714285714285"
"wallstreetbets";"2025-03-18";"Robinhood adds prediction market";"robinhood adds prediction market";"-0.3612";"-0.3612";"0.0";"factual";"";"0";"";"dd/analysis, robinhood";"284.0";"";"32";"0.03125"
"wallstreetbets";"2025-03-24";"RobinHood “Predictive Markets” Predatory Marketing";"robinhood predictive markets predatory marketing";"-0.3612";"-0.3612";"0.0";"factual";"";"0";"";"robinhood";"48.0";"";"48";"0.12"
