"date";"title";"cleaned";"sentiment_vader_comp";"sentiment_final";"subjectivity";"subjectivity_label";"emojis";"emoji_count";"entities";"topic_tags";"upvotes";"image_urls";"title_length";"capslock_ratio"
"2021-01-02";"Having to wait until Monday to buy more $GME and $PLTR";"having to wait until monday to buy more gme and pltr";"0.5463";"0.5463";"0.5";"opinionated";"";"0";"";"";"2769";"https://web.archive.org/web/20210102012657im_/https://preview.redd.it/j9q4z8tfdq861.jpg?width=640&crop=smart&auto=webp&s=395426a7560f01bbeba791883049736d64b63d09";"52";"0.16666666666666666"
"2021-01-13";"$GME Autists preparing to break the $20.25 ceiling";"gme autists preparing to break the 2025 ceiling";"0.4995";"0.4995";"0.0";"opinionated";"";"0";"";"";"1800";"";"47";"0.08"
"2021-01-14";"THX TO WSB AND GME I CAN FINALLY GIVE BACK TO MY 70 YEARS OLD DAD, I WILL BE HELPING TO PAY FOR HIS NEW ROOF, HE WAS SO SCARED OF NOT BEING ABLE TO PAY. I LOVE YOU WSB. REALLY! WE ARE GOING TO THE MOON 🚀🚀🚀🚀";"thx to wsb and gme i can finally give back to my 70 years old dad i will be helping to pay for his new roof he was so scared of not being able to pay i love you wsb really we are going to the moon";"0.9809";"1.0";"0.43993506493506496";"opinionated";"🚀🚀🚀🚀";"4";"";"";"13400";"https://web.archive.org/web/20210114041032im_/https://preview.redd.it/393eb4kcn4b61.jpg?width=640&crop=smart&auto=webp&s=7cad6fcacc1d854121fa88e437fd99677ac5044d";"196";"0.7184466019417476"
"2021-01-14";"GME YOLO update — Jan 13 2021";"gme yolo update  jan 13 2021";"0.7555";"0.7555";"0.0";"opinionated";"";"0";"gme yolo update  ";"";"27500";"https://web.archive.org/web/20210114041032im_/https://preview.redd.it/1hw6ljgfz5b61.png?width=640&crop=smart&auto=webp&s=a5377fcf2e0bf08450f7bc571507df3eda6a18e4";"28";"0.27586206896551724"
"2021-01-15";"Watching everyone post millions in Gain Porn as I continue to hold my 15 GME shares.";"watching everyone post millions in gain porn as i continue to hold my 15 gme shares";"0.87";"0.87";"0.0";"opinionated";"";"0";"";"";"26900";"";"83";"0.08333333333333333"
"2021-01-15";"GME YOLO update — Jan 14 2021";"gme yolo update  jan 14 2021";"0.7555";"0.7555";"0.0";"opinionated";"";"0";"gme yolo update  ";"";"9900";"https://web.archive.org/web/20210115025528im_/https://preview.redd.it/dxc04m314db61.png?width=640&crop=smart&auto=webp&s=8a1e19ca6257f639cbdf2d9f4aaaa1e5bfa2856b";"28";"0.27586206896551724"
"2021-01-16";"GME Comrades! Prepare to receive your mission!";"gme comrades prepare to receive your mission";"0.5882";"0.5882";"0.0";"opinionated";"";"0";"gme";"";"10100";"https://web.archive.org/web/20210116012959im_/https://external-preview.redd.it/i2lvePGAxl-qiGkMQZmo7dSzwt28JzOyHlikgfIveeE.png?width=960&crop=smart&format=pjpg&auto=webp&s=0269528cbed2475e2ef1204f5db6b15433d34a00";"44";"0.10869565217391304"
"2021-01-17";"GME - Option, Margin and Other Factors for Trading Next Week";"gme  option margin and other factors for trading next week";"0.4995";"0.4995";"0.1875";"opinionated";"";"0";"gme";"";"2200";"";"58";"0.16666666666666666"
"2021-01-18";"(GME DD) One DD to rule them. One DD to find them. One DD to to bring them all and in the darkness bind them.";"gme dd one dd to rule them one dd to find them one dd to to bring them all and in the darkness bind them";"0.3034";"0.3034";"0.0";"factual";"";"0";"gme dd";"";"10400";"";"104";"0.12844036697247707"
"2021-01-19";"For you GME autists that claim to have 💎🤲 that have been in this for a couple weeks or months...";"for you gme autists that claim to have  that have been in this for a couple weeks or months";"0.4995";"0.4995";"0.0";"opinionated";"💎🤲";"2";"";"";"1545";"https://web.archive.org/web/20210119023533im_/https://preview.redd.it/8hfps72rv5c61.jpg?width=640&crop=smart&auto=webp&s=f7df90ca351b00947319a72f50400447682615c5";"91";"0.041666666666666664"
"2021-01-20";"GME YOLO update — Jan 19 2021";"gme yolo update  jan 19 2021";"0.7555";"0.7555";"0.0";"opinionated";"";"0";"gme yolo update  ";"";"14600";"https://web.archive.org/web/20210120022523im_/https://preview.redd.it/y7v5vgx5tcc61.png?width=640&crop=smart&auto=webp&s=5094cb74c70486eeb45524aef7ca69189f28901d";"28";"0.27586206896551724"
"2021-01-21";"GME now the top stonk on Robinhood. We have done it my brothers. 🚀🚀🚀🚀🌕";"gme now the top stonk on robinhood we have done it my brothers";"0.9736";"0.9736";"0.5";"opinionated";"🚀🚀🚀🚀🌕";"5";"gme";"robinhood";"1700";"https://web.archive.org/web/20210121013659im_/https://preview.redd.it/uwcdv4fm1kc61.jpg?width=640&crop=smart&auto=webp&s=525af34b2b921c12cfa05b819a83446a725743ec";"62";"0.07142857142857142"
"2021-01-21";"GME Megathread - Lemon Party (keep your shitposting here)";"gme megathread  lemon party keep your shitposting here";"0.7125";"0.7125";"0.0";"opinionated";"";"0";"lemon party, gme megathread  ";"";"11000";"";"54";"0.10526315789473684"
"2021-01-22";"How I feel after squeezing Melvin and Citron by the balls and closing GME above $43.";"how i feel after squeezing melvin and citron by the balls and closing gme above 43";"0.3034";"0.3034";"0.1";"factual";"";"0";"";"hedge funds";"6700";"";"82";"0.08333333333333333"
"2021-01-23";"GME YOLO update — Jan 22 2021";"gme yolo update  jan 22 2021";"0.7555";"0.7555";"0.0";"opinionated";"";"0";"gme yolo update  ";"";"30300";"https://web.archive.org/web/20210123000605im_/https://preview.redd.it/xho46kzt7yc61.png?width=640&crop=smart&auto=webp&s=a110a9b1b5dc685a136fe52732d94d21cca70a2e";"28";"0.27586206896551724"
"2021-01-23";"GMREEEEEEEEEEkend Containment Thread - GME shitposts go here";"gmreeeeeeeeeekend containment thread  gme shitposts go here";"0.4995";"0.4995";"0.0";"opinionated";"";"0";"";"";"1400";"";"59";"0.3"
"2021-01-23";"First 20 bagger! GME to 100 EOW";"first 20 bagger gme to 100 eow";"0.5461";"0.5461";"0.3333333333333333";"opinionated";"";"0";"";"";"23000";"https://web.archive.org/web/20210123000605im_/https://preview.redd.it/fiungv2nuwc61.jpg?width=640&crop=smart&auto=webp&s=2ee1d97c75d932ebd043553522f23021a17d5dc4";"30";"0.22580645161290322"
"2021-01-24";"How Friday's GME gamma squeeze may trigger a short squeeze on Monday and Tuesday";"how fridays gme gamma squeeze may trigger a short squeeze on monday and tuesday";"0.9049";"0.9049";"0.3";"opinionated";"";"0";"";"short squeeze";"5700";"";"79";"0.0875"
"2021-01-25";"The GME Journey Doesn't End Here";"the gme journey doesnt end here";"0.4995";"0.4995";"0.0";"opinionated";"";"0";"";"";"15800";"";"31";"0.25"
"2021-01-26";"GME YOLO update — Jan 25 2021";"gme yolo update  jan 25 2021";"0.7555";"0.7555";"0.0";"opinionated";"";"0";"gme yolo update  ";"";"37100";"https://web.archive.org/web/20210126000249im_/https://preview.redd.it/1ubfvqedmjd61.png?width=640&crop=smart&auto=webp&s=8d58b102b54e5eea74989ab4a3574d8da07d7b88";"28";"0.27586206896551724"
"2021-01-26";"GME Megathread Part 2";"gme megathread part 2";"0.4995";"0.4995";"0.0";"opinionated";"";"0";"";"";"11400";"";"21";"0.23809523809523808"
"2021-01-27";"The GME Thread Part 3 for January 26, 2020";"the gme thread part 3 for january 26 2020";"0.4995";"0.4995";"0.0";"opinionated";"";"0";"";"";"6938";"";"41";"0.16666666666666666"
"2021-01-27";"GME YOLO update — Jan 26 2021";"gme yolo update  jan 26 2021";"0.7555";"0.7555";"0.0";"opinionated";"";"0";"gme yolo update  ";"";"60400";"https://web.archive.org/web/20210127000222im_/https://preview.redd.it/cltvfhzmrqd61.png?width=640&crop=smart&auto=webp&s=934df3b874f4e16d79afe3d68cd8dbd6efe4fe7b";"28";"0.27586206896551724"
"2021-01-30";"GME YOLO month-end update — Jan 2021";"gme yolo monthend update  jan 2021";"0.7555";"0.7555";"0.0";"opinionated";"";"0";"gme yolo monthend";"";"148000";"https://web.archive.org/web/20210130000118im_/https://preview.redd.it/r557em3t5ce61.png?width=640&crop=smart&auto=webp&s=f851fdeb1b7a416878364bbd1ff1c3d9f13a5442";"34";"0.2222222222222222"
"2021-01-30";"CNBC now running Ads promoting that Melvin Capital closed their short positions on $GME";"cnbc now running ads promoting that melvin capital closed their short positions on gme";"0.5766";"0.5766";"0.2";"opinionated";"";"0";"cnbc";"hedge funds";"38500";"https://web.archive.org/web/20210130000118im_/https://i.redd.it/8vxraurkcce61.png";"86";"0.11494252873563218"
"2021-01-30";"How to Buy GME Above Broker Limits";"how to buy gme above broker limits";"0.4995";"0.4995";"0.1";"opinionated";"";"0";"";"";"61300";"";"34";"0.23529411764705882"
"2021-01-31";"WE HAVE MORE POWER THAN ANYONE AMC GME 🚀🚀🚀🚀🚀🚀 on Monday, we have musks, Chamaths, Cubans, Portnoys, and politicians supports like AOC and Cruz etc";"we have more power than anyone amc gme  on monday we have musks chamaths cubans portnoys and politicians supports like aoc and cruz etc";"0.9877";"0.9877";"0.5";"opinionated";"🚀🚀🚀🚀🚀🚀";"6";"";"regulation";"155000";"https://web.archive.org/web/20210131074237im_/https://preview.redd.it/tv61zizjkie61.jpg?width=640&crop=smart&auto=webp&s=da54df38f1ccf13da835a73aad7cddc1fa172ba8";"135";"0.2671232876712329"
"2021-01-31";"Billboard in Oklahoma City, OK! If someone can rent out a billboard for GME you can hold your shares!!! 💎 🖐!!!! (Left watermark for credit)";"billboard in oklahoma city ok if someone can rent out a billboard for gme you can hold your shares   left watermark for credit";"0.9246";"0.9246";"0.25";"opinionated";"💎🖐";"2";"oklahoma city";"";"130000";"https://web.archive.org/web/20210131074237im_/https://preview.redd.it/05ow7o3dqfe61.jpg?width=640&crop=smart&auto=webp&s=472d6254adcf6751826a11f7f83792f5fa53aade";"126";"0.07194244604316546"
"2021-02-01";"Greb talks Tendieman, Citron, Robinhood, DFV & More";"greb talks tendieman citron robinhood dfv  more";"-0.3612";"-0.3612";"0.5";"opinionated";"";"0";"";"robinhood";"5447";"";"47";"0.1568627450980392"
"2021-02-01";"A SIMPLE REMINDER FOR MONDAY!! $GME ONLY";"a simple reminder for monday gme only";"0.4738";"0.5211800000000001";"0.6785714285714286";"opinionated";"";"0";"";"";"33900";"https://web.archive.org/web/20210201001615im_/https://preview.redd.it/k1h9yydrpqe61.jpg?width=640&crop=smart&auto=webp&s=b3ac867a21e48caf8ac8e4f0bcf79a1222899915";"37";"0.775"
"2021-02-01";"Regulatory agencies overseeing short selling activities of big hedge funds";"regulatory agencies overseeing short selling activities of big hedge funds";"0.0";"0.0";"0.2";"factual";"";"0";"";"hedge funds";"40600";"";"74";"0.013513513513513514"
"2021-02-04";"u/DeepFuckingValue is being asked to testify in the upcoming GameStop hearing. ""Diamond hands and tendies gonna enter the Congressional Record""";"udeepfuckingvalue is being asked to testify in the upcoming gamestop hearing diamond hands and tendies gonna enter the congressional record";"0.7096";"0.7096";"0.0";"opinionated";"";"0";"u/DeepFuckingValue";"regulation";"123000";"https://web.archive.org/web/20210204124843im_/https://preview.redd.it/qtmt9ovgmcf61.png?width=640&crop=smart&auto=webp&s=5afa4346a3423a8e5e744410e5051a66e2010cda";"139";"0.055944055944055944"
"2021-02-04";"GME YOLO update — Feb 3 2021 – heads up gonna back off the daily updates for now";"gme yolo update  feb 3 2021  heads up gonna back off the daily updates for now";"0.7555";"0.7555";"0.0";"opinionated";"";"0";"gme yolo update  ";"";"123000";"https://web.archive.org/web/20210204124843im_/https://preview.redd.it/93vf02k2wbf61.png?width=640&crop=smart&auto=webp&s=ffcd949b8c379e971051184453b01e42ea0c1abc";"78";"0.1"
"2021-02-05";"This is 100% Proof that GME is *literally* in Countdown-to-Launch Phase";"this is 100 proof that gme is literally in countdowntolaunch phase";"0.4995";"0.4995";"0.0";"opinionated";"";"0";"";"";"36900";"";"66";"0.11267605633802817"
"2021-02-05";"GME Afternoon Tea Megathread - Feb 4, 2021";"gme afternoon tea megathread  feb 4 2021";"0.4995";"0.4995";"0.0";"opinionated";"";"0";"";"";"5526";"";"40";"0.16666666666666666"
"2021-02-06";"Which of you retards made me almost crash to get this picture on my Nashville commute? AMC TO THE MOOOOOON!!11!1!1!1!1!! 🚀";"which of you retards made me almost crash to get this picture on my nashville commute amc to the moooooon111111";"0.7179";"0.7179";"1.0";"opinionated";"🚀";"1";"moooooon111111";"";"36600";"https://web.archive.org/web/20210206024204im_/https://preview.redd.it/y4zwqqj4iof61.jpg?width=640&crop=smart&auto=webp&s=9617dd9a64375706ba3649521ea1483b4c9f8419";"111";"0.14754098360655737"
"2021-02-06";"Mark Cuban said ""once the brokerage stops restricting trades, then we'll see what WSB is really made of"". Well, guess what? Robinhood has removed all restrictions.";"mark cuban said once the brokerage stops restricting trades then well see what wsb is really made of well guess what robinhood has removed all restrictions";"-0.5165";"-0.5165";"0.2";"factual";"";"0";"mark cuban";"regulation, robinhood";"103000";"";"155";"0.04294478527607362"
"2021-02-06";"$GME & $AMC Line comparation, from the last 5 Days...";"gme  amc line comparation from the last 5 days";"0.6669";"0.6669";"0.06666666666666667";"opinionated";"";"0";"";"";"58000";"https://web.archive.org/web/20210206024204im_/https://preview.redd.it/rmw4womtcpf61.jpg?width=640&crop=smart&auto=webp&s=c7bb55877941316f42ccfee039c71097590949b3";"46";"0.1509433962264151"
"2021-02-07";"GME Institutions Hold 177% of Float Why the Squeeze is not Squoze";"gme institutions hold 177 of float why the squeeze is not squoze";"0.8494";"0.8494";"0.0";"opinionated";"";"0";"";"";"40600";"";"64";"0.13846153846153847"
"2021-02-07";"Can we continue realizing that Robinhood fucked 5 Million+ retail investors. Can we not forget that GameStop could have left the galaxy.";"can we continue realizing that robinhood fucked 5 million retail investors can we not forget that gamestop could have left the galaxy";"-0.7379";"-0.7379";"0.35";"factual";"";"0";"";"robinhood";"36200";"";"133";"0.04411764705882353"
"2021-02-10";"Y'all need to let GME happen";"yall need to let gme happen";"0.4995";"0.4995";"0.0";"opinionated";"";"0";"";"";"28900";"";"27";"0.14285714285714285"
